ticker,signal,date
JBL,85.323,2025-06-27 00:00:00
HWM,82.126,2025-06-27 00:00:00
RCL,81.095,2025-06-27 00:00:00
COIN,79.378,2025-06-27 00:00:00
NRG,78.034,2025-06-27 00:00:00
DASH,77.772,2025-06-27 00:00:00
GEV,73.263,2025-06-27 00:00:00
NTRS,71.772,2025-06-27 00:00:00
CTVA,70.491,2025-06-27 00:00:00
APH,69.433,2025-06-27 00:00:00
GE,68.04,2025-06-27 00:00:00
PWR,67.252,2025-06-27 00:00:00
CCL,67.214,2025-06-27 00:00:00
TKO,66.606,2025-06-27 00:00:00
AXON,66.257,2025-06-27 00:00:00
CSCO,65.979,2025-06-27 00:00:00
AVGO,63.261,2025-06-27 00:00:00
WBD,62.416,2025-06-27 00:00:00
CAH,61.869,2025-06-27 00:00:00
HAS,60.331,2025-06-27 00:00:00
MOS,59.486,2025-06-27 00:00:00
HBAN,59.232,2025-06-27 00:00:00
STT,59.061,2025-06-27 00:00:00
HLT,58.553,2025-06-27 00:00:00
EQT,58.432,2025-06-27 00:00:00
AXP,58.38,2025-06-27 00:00:00
ORCL,56.875,2025-06-27 00:00:00
NWSA,56.754,2025-06-27 00:00:00
EMR,54.734,2025-06-27 00:00:00
SMCI,54.499,2025-06-27 00:00:00
NWS,52.865,2025-06-27 00:00:00
WDC,52.509,2025-06-27 00:00:00
AMD,52.443,2025-06-27 00:00:00
NCLH,50.185,2025-06-27 00:00:00
RTX,50.025,2025-06-27 00:00:00
GNRC,49.443,2025-06-27 00:00:00
KR,49.029,2025-06-27 00:00:00
MU,48.79,2025-06-27 00:00:00
TXT,46.932,2025-06-27 00:00:00
LRCX,46.588,2025-06-27 00:00:00
EL,46.366,2025-06-27 00:00:00
HSIC,46.265,2025-06-27 00:00:00
BALL,45.175,2025-06-27 00:00:00
MTB,45.154,2025-06-27 00:00:00
RF,45.129,2025-06-27 00:00:00
NUE,44.405,2025-06-27 00:00:00
FITB,44.047,2025-06-27 00:00:00
USB,43.944,2025-06-27 00:00:00
ANET,43.478,2025-06-27 00:00:00
NKE,42.875,2025-06-27 00:00:00
DXCM,40.987,2025-06-27 00:00:00
ADM,36.223,2025-06-27 00:00:00
TER,34.898,2025-06-27 00:00:00
HWM,82.96,2025-06-30 00:00:00
RCL,81.872,2025-06-30 00:00:00
JBL,80.589,2025-06-30 00:00:00
DASH,80.297,2025-06-30 00:00:00
NRG,76.884,2025-06-30 00:00:00
GE,75.944,2025-06-30 00:00:00
GEV,75.687,2025-06-30 00:00:00
JCI,75.507,2025-06-30 00:00:00
CTVA,75.116,2025-06-30 00:00:00
APH,75.018,2025-06-30 00:00:00
STX,74.331,2025-06-30 00:00:00
NTRS,72.661,2025-06-30 00:00:00
CCL,71.633,2025-06-30 00:00:00
AXON,71.432,2025-06-30 00:00:00
JPM,71.28,2025-06-30 00:00:00
AVGO,70.664,2025-06-30 00:00:00
GS,69.794,2025-06-30 00:00:00
TKO,67.399,2025-06-30 00:00:00
PWR,67.388,2025-06-30 00:00:00
COIN,66.745,2025-06-30 00:00:00
CAH,66.212,2025-06-30 00:00:00
TT,64.248,2025-06-30 00:00:00
MSFT,63.925,2025-06-30 00:00:00
CSCO,63.837,2025-06-30 00:00:00
HAS,63.311,2025-06-30 00:00:00
BK,62.285,2025-06-30 00:00:00
WBD,62.259,2025-06-30 00:00:00
HBAN,61.334,2025-06-30 00:00:00
KLAC,61.251,2025-06-30 00:00:00
STT,60.891,2025-06-30 00:00:00
HLT,60.753,2025-06-30 00:00:00
AXP,60.67,2025-06-30 00:00:00
NWSA,58.199,2025-06-30 00:00:00
AMD,56.938,2025-06-30 00:00:00
CME,56.671,2025-06-30 00:00:00
TRMB,56.45,2025-06-30 00:00:00
SMCI,55.303,2025-06-30 00:00:00
FFIV,55.255,2025-06-30 00:00:00
NWS,54.218,2025-06-30 00:00:00
PSKY,52.706,2025-06-30 00:00:00
ANET,52.503,2025-06-30 00:00:00
CAT,52.397,2025-06-30 00:00:00
HPE,52.234,2025-06-30 00:00:00
CFG,52.039,2025-06-30 00:00:00
RF,51.896,2025-06-30 00:00:00
KEY,51.721,2025-06-30 00:00:00
HCA,50.535,2025-06-30 00:00:00
AMZN,50.405,2025-06-30 00:00:00
GNRC,49.796,2025-06-30 00:00:00
KR,48.933,2025-06-30 00:00:00
BALL,48.78,2025-06-30 00:00:00
LRCX,48.646,2025-06-30 00:00:00
MU,48.039,2025-06-30 00:00:00
EQT,47.592,2025-06-30 00:00:00
TXT,46.751,2025-06-30 00:00:00
MTB,46.735,2025-06-30 00:00:00
EL,46.678,2025-06-30 00:00:00
HSIC,46.582,2025-06-30 00:00:00
USB,45.403,2025-06-30 00:00:00
NKE,45.314,2025-06-30 00:00:00
ECL,45.292,2025-06-30 00:00:00
WAB,44.615,2025-06-30 00:00:00
NUE,42.679,2025-06-30 00:00:00
DXCM,42.663,2025-06-30 00:00:00
TER,39.387,2025-06-30 00:00:00
JBL,89.536,2025-07-01 00:00:00
RCL,82.463,2025-07-01 00:00:00
DASH,78.426,2025-07-01 00:00:00
HWM,78.363,2025-07-01 00:00:00
STX,75.632,2025-07-01 00:00:00
HAS,73.673,2025-07-01 00:00:00
GE,73.402,2025-07-01 00:00:00
APH,73.339,2025-07-01 00:00:00
GEV,72.995,2025-07-01 00:00:00
CCL,72.61,2025-07-01 00:00:00
JPM,71.891,2025-07-01 00:00:00
AVGO,71.385,2025-07-01 00:00:00
GS,70.847,2025-07-01 00:00:00
HBAN,70.13,2025-07-01 00:00:00
CSCO,69.291,2025-07-01 00:00:00
WFC,67.018,2025-07-01 00:00:00
AXP,65.932,2025-07-01 00:00:00
NTRS,65.546,2025-07-01 00:00:00
COIN,65.411,2025-07-01 00:00:00
STT,63.593,2025-07-01 00:00:00
TDY,63.559,2025-07-01 00:00:00
C,62.958,2025-07-01 00:00:00
HLT,62.909,2025-07-01 00:00:00
PWR,61.666,2025-07-01 00:00:00
TRMB,59.98,2025-07-01 00:00:00
TKO,59.921,2025-07-01 00:00:00
NCLH,58.578,2025-07-01 00:00:00
MSFT,58.384,2025-07-01 00:00:00
TEL,57.679,2025-07-01 00:00:00
NWSA,57.332,2025-07-01 00:00:00
CFG,57.053,2025-07-01 00:00:00
PSKY,56.834,2025-07-01 00:00:00
KEY,56.548,2025-07-01 00:00:00
RF,56.144,2025-07-01 00:00:00
PNC,55.671,2025-07-01 00:00:00
ORCL,55.067,2025-07-01 00:00:00
MTB,54.733,2025-07-01 00:00:00
CAT,54.298,2025-07-01 00:00:00
GNRC,53.929,2025-07-01 00:00:00
SMCI,53.897,2025-07-01 00:00:00
HPE,53.892,2025-07-01 00:00:00
NWS,53.814,2025-07-01 00:00:00
WDC,53.627,2025-07-01 00:00:00
NUE,52.362,2025-07-01 00:00:00
FITB,50.849,2025-07-01 00:00:00
WAB,50.601,2025-07-01 00:00:00
USB,50.559,2025-07-01 00:00:00
AMP,50.33,2025-07-01 00:00:00
TXT,50.11,2025-07-01 00:00:00
EL,49.78,2025-07-01 00:00:00
HSIC,48.735,2025-07-01 00:00:00
ECL,48.233,2025-07-01 00:00:00
BALL,47.053,2025-07-01 00:00:00
LRCX,46.502,2025-07-01 00:00:00
HD,46.496,2025-07-01 00:00:00
CRM,44.959,2025-07-01 00:00:00
ANET,44.646,2025-07-01 00:00:00
APTV,44.273,2025-07-01 00:00:00
AMD,43.959,2025-07-01 00:00:00
SW,43.61,2025-07-01 00:00:00
SPGI,43.335,2025-07-01 00:00:00
CZR,42.665,2025-07-01 00:00:00
MSCI,42.322,2025-07-01 00:00:00
NKE,41.544,2025-07-01 00:00:00
BLDR,40.885,2025-07-01 00:00:00
SRE,39.977,2025-07-01 00:00:00
PHM,39.36,2025-07-01 00:00:00
FDX,39.359,2025-07-01 00:00:00
VLTO,38.867,2025-07-01 00:00:00
NVR,38.151,2025-07-01 00:00:00
TER,37.232,2025-07-01 00:00:00
PYPL,34.44,2025-07-01 00:00:00
HSY,28.509,2025-07-01 00:00:00
LEN,21.279,2025-07-01 00:00:00
JBL,84.2,2025-07-02 00:00:00
RCL,83.324,2025-07-02 00:00:00
DASH,78.762,2025-07-02 00:00:00
STX,77.237,2025-07-02 00:00:00
HWM,76.522,2025-07-02 00:00:00
CTVA,74.458,2025-07-02 00:00:00
HAS,74.386,2025-07-02 00:00:00
CCL,73.842,2025-07-02 00:00:00
MOS,73.535,2025-07-02 00:00:00
APH,73.222,2025-07-02 00:00:00
GEV,72.93,2025-07-02 00:00:00
AVGO,72.639,2025-07-02 00:00:00
JPM,72.236,2025-07-02 00:00:00
GE,71.904,2025-07-02 00:00:00
GS,71.597,2025-07-02 00:00:00
NRG,71.248,2025-07-02 00:00:00
HBAN,71.021,2025-07-02 00:00:00
CSCO,69.151,2025-07-02 00:00:00
WFC,67.981,2025-07-02 00:00:00
BK,67.299,2025-07-02 00:00:00
COIN,66.703,2025-07-02 00:00:00
NTRS,66.323,2025-07-02 00:00:00
AXP,66.011,2025-07-02 00:00:00
PWR,65.896,2025-07-02 00:00:00
TKO,65.633,2025-07-02 00:00:00
STT,64.778,2025-07-02 00:00:00
HLT,64.573,2025-07-02 00:00:00
TDY,64.289,2025-07-02 00:00:00
TEL,64.248,2025-07-02 00:00:00
EMR,63.524,2025-07-02 00:00:00
WBD,63.279,2025-07-02 00:00:00
C,63.058,2025-07-02 00:00:00
NWSA,63.013,2025-07-02 00:00:00
VST,62.805,2025-07-02 00:00:00
MS,62.477,2025-07-02 00:00:00
TRMB,62.201,2025-07-02 00:00:00
NDSN,61.68,2025-07-02 00:00:00
HPE,60.528,2025-07-02 00:00:00
KEY,60.366,2025-07-02 00:00:00
ORCL,60.122,2025-07-02 00:00:00
TXT,60.05,2025-07-02 00:00:00
NCLH,59.897,2025-07-02 00:00:00
MTB,59.884,2025-07-02 00:00:00
NWS,59.869,2025-07-02 00:00:00
BAC,59.843,2025-07-02 00:00:00
PSKY,59.568,2025-07-02 00:00:00
FFIV,59.187,2025-07-02 00:00:00
PNC,58.193,2025-07-02 00:00:00
CFG,58.175,2025-07-02 00:00:00
MSFT,57.698,2025-07-02 00:00:00
CME,57.539,2025-07-02 00:00:00
PNR,57.2,2025-07-02 00:00:00
RF,57.144,2025-07-02 00:00:00
USB,56.782,2025-07-02 00:00:00
GNRC,56.436,2025-07-02 00:00:00
CAT,56.352,2025-07-02 00:00:00
SMCI,55.671,2025-07-02 00:00:00
WDC,55.518,2025-07-02 00:00:00
WAB,55.148,2025-07-02 00:00:00
AMP,54.09,2025-07-02 00:00:00
L,53.988,2025-07-02 00:00:00
NUE,53.987,2025-07-02 00:00:00
D,53.944,2025-07-02 00:00:00
BALL,53.756,2025-07-02 00:00:00
FDS,53.577,2025-07-02 00:00:00
FITB,52.64,2025-07-02 00:00:00
MAS,52.571,2025-07-02 00:00:00
ADSK,52.337,2025-07-02 00:00:00
NSC,52.122,2025-07-02 00:00:00
AMD,51.897,2025-07-02 00:00:00
AMAT,51.804,2025-07-02 00:00:00
AMZN,51.464,2025-07-02 00:00:00
APTV,50.489,2025-07-02 00:00:00
KMI,50.121,2025-07-02 00:00:00
HD,50.06,2025-07-02 00:00:00
ECL,50.028,2025-07-02 00:00:00
HSIC,49.427,2025-07-02 00:00:00
LRCX,49.302,2025-07-02 00:00:00
NKE,49.079,2025-07-02 00:00:00
SW,49.032,2025-07-02 00:00:00
MSCI,48.774,2025-07-02 00:00:00
ANET,48.597,2025-07-02 00:00:00
DHI,48.514,2025-07-02 00:00:00
EL,48.377,2025-07-02 00:00:00
MDT,48.225,2025-07-02 00:00:00
FDX,47.759,2025-07-02 00:00:00
PTC,45.995,2025-07-02 00:00:00
TER,45.888,2025-07-02 00:00:00
TSCO,45.86,2025-07-02 00:00:00
GD,45.644,2025-07-02 00:00:00
SPGI,45.206,2025-07-02 00:00:00
MPC,45.062,2025-07-02 00:00:00
CZR,44.717,2025-07-02 00:00:00
CRM,44.583,2025-07-02 00:00:00
CMG,44.179,2025-07-02 00:00:00
EMN,43.88,2025-07-02 00:00:00
EXR,43.402,2025-07-02 00:00:00
PYPL,43.094,2025-07-02 00:00:00
MLM,42.911,2025-07-02 00:00:00
UHS,42.759,2025-07-02 00:00:00
APD,42.122,2025-07-02 00:00:00
PHM,41.551,2025-07-02 00:00:00
AVY,41.364,2025-07-02 00:00:00
VLTO,40.816,2025-07-02 00:00:00
IEX,40.469,2025-07-02 00:00:00
IPG,40.004,2025-07-02 00:00:00
DXCM,39.814,2025-07-02 00:00:00
INTC,35.611,2025-07-02 00:00:00
IFF,29.909,2025-07-02 00:00:00
ADM,28.889,2025-07-02 00:00:00
HSY,28.499,2025-07-02 00:00:00
JBL,83.128,2025-07-03 00:00:00
RCL,83.065,2025-07-03 00:00:00
CTVA,78.556,2025-07-03 00:00:00
JCI,78.505,2025-07-03 00:00:00
HWM,77.496,2025-07-03 00:00:00
STX,77.087,2025-07-03 00:00:00
DASH,76.796,2025-07-03 00:00:00
HAS,74.559,2025-07-03 00:00:00
CCL,74.422,2025-07-03 00:00:00
GEV,73.08,2025-07-03 00:00:00
APH,72.682,2025-07-03 00:00:00
AVGO,72.6,2025-07-03 00:00:00
JPM,72.138,2025-07-03 00:00:00
GS,71.516,2025-07-03 00:00:00
HBAN,71.288,2025-07-03 00:00:00
NRG,71.102,2025-07-03 00:00:00
DDOG,70.986,2025-07-03 00:00:00
GE,70.95,2025-07-03 00:00:00
CSCO,70.402,2025-07-03 00:00:00
HLT,68.461,2025-07-03 00:00:00
PWR,68.113,2025-07-03 00:00:00
TDY,67.945,2025-07-03 00:00:00
WBD,67.071,2025-07-03 00:00:00
WFC,67.042,2025-07-03 00:00:00
NTRS,66.459,2025-07-03 00:00:00
BKNG,65.91,2025-07-03 00:00:00
COIN,65.54,2025-07-03 00:00:00
AXP,65.129,2025-07-03 00:00:00
NCLH,65.017,2025-07-03 00:00:00
STT,64.027,2025-07-03 00:00:00
EMR,63.867,2025-07-03 00:00:00
AXON,63.717,2025-07-03 00:00:00
C,63.075,2025-07-03 00:00:00
TRMB,62.91,2025-07-03 00:00:00
NDSN,62.487,2025-07-03 00:00:00
NWSA,62.363,2025-07-03 00:00:00
MSFT,62.332,2025-07-03 00:00:00
ORCL,62.001,2025-07-03 00:00:00
MS,61.943,2025-07-03 00:00:00
KEY,61.158,2025-07-03 00:00:00
GNRC,61.032,2025-07-03 00:00:00
FFIV,60.757,2025-07-03 00:00:00
CFG,60.708,2025-07-03 00:00:00
TXT,59.875,2025-07-03 00:00:00
NWS,59.758,2025-07-03 00:00:00
MTB,59.711,2025-07-03 00:00:00
CAT,59.515,2025-07-03 00:00:00
RF,59.058,2025-07-03 00:00:00
ADSK,59.023,2025-07-03 00:00:00
L,58.533,2025-07-03 00:00:00
BALL,58.486,2025-07-03 00:00:00
PNR,58.006,2025-07-03 00:00:00
BAC,57.927,2025-07-03 00:00:00
PNC,57.882,2025-07-03 00:00:00
USB,56.522,2025-07-03 00:00:00
AMZN,56.218,2025-07-03 00:00:00
PSKY,56.05,2025-07-03 00:00:00
WAB,55.621,2025-07-03 00:00:00
HPE,55.584,2025-07-03 00:00:00
ECL,55.565,2025-07-03 00:00:00
SMCI,54.845,2025-07-03 00:00:00
TYL,53.388,2025-07-03 00:00:00
FITB,53.212,2025-07-03 00:00:00
FDS,53.108,2025-07-03 00:00:00
GOOG,53.077,2025-07-03 00:00:00
AMP,52.778,2025-07-03 00:00:00
GOOGL,52.688,2025-07-03 00:00:00
SW,52.628,2025-07-03 00:00:00
HSIC,52.455,2025-07-03 00:00:00
AMAT,52.235,2025-07-03 00:00:00
NSC,51.661,2025-07-03 00:00:00
D,51.547,2025-07-03 00:00:00
APTV,51.115,2025-07-03 00:00:00
EMN,51.05,2025-07-03 00:00:00
SO,50.744,2025-07-03 00:00:00
HD,50.722,2025-07-03 00:00:00
AMD,50.679,2025-07-03 00:00:00
FDX,50.019,2025-07-03 00:00:00
LRCX,49.762,2025-07-03 00:00:00
MSCI,49.399,2025-07-03 00:00:00
NKE,49.243,2025-07-03 00:00:00
OMC,48.869,2025-07-03 00:00:00
CINF,48.454,2025-07-03 00:00:00
DHI,48.406,2025-07-03 00:00:00
EL,48.251,2025-07-03 00:00:00
CTSH,48.143,2025-07-03 00:00:00
MPC,48.051,2025-07-03 00:00:00
GD,47.711,2025-07-03 00:00:00
PTC,47.699,2025-07-03 00:00:00
ANET,47.672,2025-07-03 00:00:00
MDT,47.228,2025-07-03 00:00:00
PHM,46.999,2025-07-03 00:00:00
EXR,46.692,2025-07-03 00:00:00
TER,45.73,2025-07-03 00:00:00
TSCO,45.385,2025-07-03 00:00:00
STLD,45.358,2025-07-03 00:00:00
SPGI,45.308,2025-07-03 00:00:00
AZO,45.297,2025-07-03 00:00:00
CRM,44.79,2025-07-03 00:00:00
KR,44.773,2025-07-03 00:00:00
IPG,44.742,2025-07-03 00:00:00
CMG,44.588,2025-07-03 00:00:00
MLM,44.272,2025-07-03 00:00:00
CCI,44.127,2025-07-03 00:00:00
APD,43.912,2025-07-03 00:00:00
BLDR,43.111,2025-07-03 00:00:00
CZR,42.828,2025-07-03 00:00:00
UHS,42.477,2025-07-03 00:00:00
VLTO,42.372,2025-07-03 00:00:00
AVY,42.253,2025-07-03 00:00:00
MA,42.044,2025-07-03 00:00:00
ODFL,41.418,2025-07-03 00:00:00
NVR,41.173,2025-07-03 00:00:00
V,40.458,2025-07-03 00:00:00
IEX,39.562,2025-07-03 00:00:00
VLO,38.98,2025-07-03 00:00:00
DXCM,38.23,2025-07-03 00:00:00
ADM,33.848,2025-07-03 00:00:00
INTC,32.29,2025-07-03 00:00:00
IFF,31.177,2025-07-03 00:00:00
HSY,20.432,2025-07-03 00:00:00
RCL,83.203,2025-07-07 00:00:00
JBL,81.799,2025-07-07 00:00:00
DASH,79.0,2025-07-07 00:00:00
HWM,76.245,2025-07-07 00:00:00
STX,76.055,2025-07-07 00:00:00
GEV,75.991,2025-07-07 00:00:00
CCL,75.803,2025-07-07 00:00:00
HAS,74.345,2025-07-07 00:00:00
HBAN,71.667,2025-07-07 00:00:00
GS,71.339,2025-07-07 00:00:00
APH,71.285,2025-07-07 00:00:00
NTRS,70.541,2025-07-07 00:00:00
NRG,70.154,2025-07-07 00:00:00
JPM,70.052,2025-07-07 00:00:00
CAH,69.669,2025-07-07 00:00:00
GE,69.327,2025-07-07 00:00:00
CSCO,68.716,2025-07-07 00:00:00
PWR,67.592,2025-07-07 00:00:00
HLT,66.945,2025-07-07 00:00:00
WBD,65.491,2025-07-07 00:00:00
DDOG,65.466,2025-07-07 00:00:00
EMR,64.426,2025-07-07 00:00:00
NCLH,64.237,2025-07-07 00:00:00
AXON,63.03,2025-07-07 00:00:00
KEY,62.907,2025-07-07 00:00:00
STT,62.876,2025-07-07 00:00:00
ORCL,62.675,2025-07-07 00:00:00
C,62.058,2025-07-07 00:00:00
AXP,62.003,2025-07-07 00:00:00
GNRC,61.014,2025-07-07 00:00:00
COIN,60.959,2025-07-07 00:00:00
FFIV,60.452,2025-07-07 00:00:00
CFG,60.049,2025-07-07 00:00:00
RF,57.23,2025-07-07 00:00:00
PNC,57.204,2025-07-07 00:00:00
TXT,57.007,2025-07-07 00:00:00
CAT,56.863,2025-07-07 00:00:00
AMZN,56.459,2025-07-07 00:00:00
HPE,55.838,2025-07-07 00:00:00
USB,55.598,2025-07-07 00:00:00
L,55.181,2025-07-07 00:00:00
NKE,54.493,2025-07-07 00:00:00
ECL,53.442,2025-07-07 00:00:00
WAB,53.342,2025-07-07 00:00:00
GOOGL,53.037,2025-07-07 00:00:00
GOOG,53.021,2025-07-07 00:00:00
SW,51.885,2025-07-07 00:00:00
FITB,51.743,2025-07-07 00:00:00
TSCO,49.612,2025-07-07 00:00:00
FCX,49.35,2025-07-07 00:00:00
AZO,49.183,2025-07-07 00:00:00
SMCI,48.508,2025-07-07 00:00:00
FDX,48.261,2025-07-07 00:00:00
HD,47.875,2025-07-07 00:00:00
EL,47.101,2025-07-07 00:00:00
YUM,46.856,2025-07-07 00:00:00
GD,46.77,2025-07-07 00:00:00
OMC,46.384,2025-07-07 00:00:00
ANET,46.228,2025-07-07 00:00:00
MSCI,45.09,2025-07-07 00:00:00
PHM,44.654,2025-07-07 00:00:00
MDT,44.568,2025-07-07 00:00:00
AVY,44.485,2025-07-07 00:00:00
DHI,43.903,2025-07-07 00:00:00
AMD,43.866,2025-07-07 00:00:00
IPG,42.422,2025-07-07 00:00:00
MA,40.384,2025-07-07 00:00:00
CMG,40.281,2025-07-07 00:00:00
TER,38.733,2025-07-07 00:00:00
DXCM,38.092,2025-07-07 00:00:00
BLDR,32.77,2025-07-07 00:00:00
NVR,31.239,2025-07-07 00:00:00
LEN,18.256,2025-07-07 00:00:00
RCL,82.441,2025-07-08 00:00:00
GEV,76.147,2025-07-08 00:00:00
STX,74.614,2025-07-08 00:00:00
HAS,73.257,2025-07-08 00:00:00
JBL,71.763,2025-07-08 00:00:00
DASH,71.398,2025-07-08 00:00:00
CCL,70.862,2025-07-08 00:00:00
HBAN,70.6,2025-07-08 00:00:00
GS,70.422,2025-07-08 00:00:00
APH,68.379,2025-07-08 00:00:00
HWM,67.455,2025-07-08 00:00:00
WBD,67.249,2025-07-08 00:00:00
DDOG,66.644,2025-07-08 00:00:00
TRMB,66.451,2025-07-08 00:00:00
HLT,66.327,2025-07-08 00:00:00
EMR,65.062,2025-07-08 00:00:00
KEY,65.053,2025-07-08 00:00:00
PWR,65.019,2025-07-08 00:00:00
CSCO,64.548,2025-07-08 00:00:00
ORCL,63.229,2025-07-08 00:00:00
CFG,61.776,2025-07-08 00:00:00
C,61.439,2025-07-08 00:00:00
STT,61.35,2025-07-08 00:00:00
PNC,61.159,2025-07-08 00:00:00
WFC,61.106,2025-07-08 00:00:00
JPM,61.062,2025-07-08 00:00:00
COIN,61.019,2025-07-08 00:00:00
GNRC,60.895,2025-07-08 00:00:00
URI,60.79,2025-07-08 00:00:00
NCLH,60.641,2025-07-08 00:00:00
MS,59.561,2025-07-08 00:00:00
NTRS,59.441,2025-07-08 00:00:00
FFIV,58.433,2025-07-08 00:00:00
AXP,57.515,2025-07-08 00:00:00
TPR,56.938,2025-07-08 00:00:00
RF,55.972,2025-07-08 00:00:00
BK,55.935,2025-07-08 00:00:00
SMCI,55.656,2025-07-08 00:00:00
CAT,55.42,2025-07-08 00:00:00
TXT,55.204,2025-07-08 00:00:00
PNR,54.902,2025-07-08 00:00:00
USB,53.863,2025-07-08 00:00:00
NKE,53.239,2025-07-08 00:00:00
AMZN,52.723,2025-07-08 00:00:00
FCX,52.167,2025-07-08 00:00:00
WDC,50.725,2025-07-08 00:00:00
PSKY,50.574,2025-07-08 00:00:00
WAB,50.269,2025-07-08 00:00:00
FITB,49.426,2025-07-08 00:00:00
GOOGL,49.077,2025-07-08 00:00:00
GOOG,48.988,2025-07-08 00:00:00
VLO,48.511,2025-07-08 00:00:00
HPE,47.891,2025-07-08 00:00:00
TSCO,47.144,2025-07-08 00:00:00
GD,46.444,2025-07-08 00:00:00
MCO,43.404,2025-07-08 00:00:00
INTC,43.361,2025-07-08 00:00:00
FDX,41.77,2025-07-08 00:00:00
MA,41.752,2025-07-08 00:00:00
SW,41.195,2025-07-08 00:00:00
EL,41.088,2025-07-08 00:00:00
TER,40.368,2025-07-08 00:00:00
PHM,38.228,2025-07-08 00:00:00
CZR,38.015,2025-07-08 00:00:00
ALB,36.848,2025-07-08 00:00:00
DHI,36.192,2025-07-08 00:00:00
AMD,35.654,2025-07-08 00:00:00
MSCI,31.54,2025-07-08 00:00:00
ADM,31.11,2025-07-08 00:00:00
NVR,28.432,2025-07-08 00:00:00
CMG,27.716,2025-07-08 00:00:00
RCL,82.054,2025-07-09 00:00:00
JCI,76.991,2025-07-09 00:00:00
GEV,71.782,2025-07-09 00:00:00
STX,71.293,2025-07-09 00:00:00
DASH,70.774,2025-07-09 00:00:00
JBL,69.696,2025-07-09 00:00:00
HBAN,69.559,2025-07-09 00:00:00
CCL,68.993,2025-07-09 00:00:00
ORCL,67.486,2025-07-09 00:00:00
HAS,67.405,2025-07-09 00:00:00
HWM,67.238,2025-07-09 00:00:00
TRMB,66.456,2025-07-09 00:00:00
KEY,65.402,2025-07-09 00:00:00
HLT,65.4,2025-07-09 00:00:00
EMR,64.679,2025-07-09 00:00:00
DDOG,64.657,2025-07-09 00:00:00
GS,64.249,2025-07-09 00:00:00
WBD,63.26,2025-07-09 00:00:00
CFG,63.216,2025-07-09 00:00:00
GNRC,62.925,2025-07-09 00:00:00
APH,62.813,2025-07-09 00:00:00
PNC,61.9,2025-07-09 00:00:00
CSCO,61.436,2025-07-09 00:00:00
PTC,60.838,2025-07-09 00:00:00
COIN,60.49,2025-07-09 00:00:00
WFC,60.481,2025-07-09 00:00:00
NTRS,59.841,2025-07-09 00:00:00
PWR,59.428,2025-07-09 00:00:00
TPR,59.248,2025-07-09 00:00:00
C,59.24,2025-07-09 00:00:00
FFIV,59.078,2025-07-09 00:00:00
MS,59.025,2025-07-09 00:00:00
CF,57.02,2025-07-09 00:00:00
CAT,56.766,2025-07-09 00:00:00
PNR,56.521,2025-07-09 00:00:00
AXP,56.25,2025-07-09 00:00:00
RF,56.114,2025-07-09 00:00:00
BK,55.925,2025-07-09 00:00:00
AMZN,54.015,2025-07-09 00:00:00
USB,53.461,2025-07-09 00:00:00
NKE,52.793,2025-07-09 00:00:00
WYNN,52.344,2025-07-09 00:00:00
FITB,50.677,2025-07-09 00:00:00
PSKY,50.648,2025-07-09 00:00:00
WDC,50.636,2025-07-09 00:00:00
WAB,50.6,2025-07-09 00:00:00
GOOG,50.225,2025-07-09 00:00:00
GOOGL,50.129,2025-07-09 00:00:00
VLO,49.988,2025-07-09 00:00:00
PHM,49.124,2025-07-09 00:00:00
GD,47.998,2025-07-09 00:00:00
HPE,47.98,2025-07-09 00:00:00
TSCO,47.147,2025-07-09 00:00:00
DHI,47.129,2025-07-09 00:00:00
HD,45.041,2025-07-09 00:00:00
EL,44.496,2025-07-09 00:00:00
FCX,43.661,2025-07-09 00:00:00
MCO,43.147,2025-07-09 00:00:00
CMI,41.112,2025-07-09 00:00:00
AES,40.936,2025-07-09 00:00:00
ALB,40.336,2025-07-09 00:00:00
BLDR,39.894,2025-07-09 00:00:00
ABBV,39.336,2025-07-09 00:00:00
MRK,38.654,2025-07-09 00:00:00
FDX,37.125,2025-07-09 00:00:00
DOW,36.923,2025-07-09 00:00:00
SW,36.697,2025-07-09 00:00:00
TER,35.951,2025-07-09 00:00:00
ODFL,35.144,2025-07-09 00:00:00
NVR,34.024,2025-07-09 00:00:00
LEN,25.085,2025-07-09 00:00:00
CMG,22.863,2025-07-09 00:00:00
RCL,82.426,2025-07-10 00:00:00
JCI,76.598,2025-07-10 00:00:00
WBD,73.505,2025-07-10 00:00:00
GEV,72.667,2025-07-10 00:00:00
HAS,72.54,2025-07-10 00:00:00
HBAN,69.846,2025-07-10 00:00:00
CCL,69.2,2025-07-10 00:00:00
ORCL,68.299,2025-07-10 00:00:00
DASH,68.149,2025-07-10 00:00:00
JBL,67.615,2025-07-10 00:00:00
TRMB,67.602,2025-07-10 00:00:00
HLT,67.097,2025-07-10 00:00:00
STX,66.546,2025-07-10 00:00:00
KEY,66.104,2025-07-10 00:00:00
EMR,65.371,2025-07-10 00:00:00
CFG,64.847,2025-07-10 00:00:00
TPR,64.792,2025-07-10 00:00:00
GS,64.503,2025-07-10 00:00:00
NCLH,63.687,2025-07-10 00:00:00
PNC,63.24,2025-07-10 00:00:00
COIN,62.747,2025-07-10 00:00:00
PNR,61.951,2025-07-10 00:00:00
GNRC,61.626,2025-07-10 00:00:00
URI,61.013,2025-07-10 00:00:00
CAT,59.388,2025-07-10 00:00:00
AXP,58.274,2025-07-10 00:00:00
CF,57.477,2025-07-10 00:00:00
BK,57.202,2025-07-10 00:00:00
DDOG,56.601,2025-07-10 00:00:00
WFC,55.98,2025-07-10 00:00:00
BX,55.577,2025-07-10 00:00:00
FITB,55.342,2025-07-10 00:00:00
MS,55.284,2025-07-10 00:00:00
C,55.002,2025-07-10 00:00:00
DAL,54.949,2025-07-10 00:00:00
PTC,54.87,2025-07-10 00:00:00
WYNN,53.5,2025-07-10 00:00:00
USB,53.013,2025-07-10 00:00:00
AMZN,52.808,2025-07-10 00:00:00
NKE,52.652,2025-07-10 00:00:00
VLO,52.604,2025-07-10 00:00:00
TFC,52.479,2025-07-10 00:00:00
SNPS,52.44,2025-07-10 00:00:00
PHM,52.34,2025-07-10 00:00:00
DHI,51.662,2025-07-10 00:00:00
WAB,50.656,2025-07-10 00:00:00
HPE,50.181,2025-07-10 00:00:00
WDC,49.663,2025-07-10 00:00:00
CZR,48.901,2025-07-10 00:00:00
GOOG,47.912,2025-07-10 00:00:00
MRNA,47.757,2025-07-10 00:00:00
GD,47.615,2025-07-10 00:00:00
GOOGL,47.352,2025-07-10 00:00:00
GWW,47.191,2025-07-10 00:00:00
ANET,46.42,2025-07-10 00:00:00
EL,46.405,2025-07-10 00:00:00
PSKY,46.238,2025-07-10 00:00:00
FCX,45.986,2025-07-10 00:00:00
TER,45.853,2025-07-10 00:00:00
HD,45.278,2025-07-10 00:00:00
MCO,44.343,2025-07-10 00:00:00
CMI,43.561,2025-07-10 00:00:00
AES,43.377,2025-07-10 00:00:00
ABBV,42.408,2025-07-10 00:00:00
SW,42.131,2025-07-10 00:00:00
EXR,41.892,2025-07-10 00:00:00
BLDR,41.725,2025-07-10 00:00:00
FDX,41.413,2025-07-10 00:00:00
MRK,39.871,2025-07-10 00:00:00
ALB,38.542,2025-07-10 00:00:00
ODFL,38.498,2025-07-10 00:00:00
DOW,38.22,2025-07-10 00:00:00
AAPL,37.253,2025-07-10 00:00:00
NVR,33.994,2025-07-10 00:00:00
FRT,32.899,2025-07-10 00:00:00
ADM,30.491,2025-07-10 00:00:00
LEN,28.663,2025-07-10 00:00:00
CMG,23.631,2025-07-10 00:00:00
RCL,82.33,2025-07-11 00:00:00
GEV,75.988,2025-07-11 00:00:00
ORCL,75.4,2025-07-11 00:00:00
JBL,74.799,2025-07-11 00:00:00
WBD,73.52,2025-07-11 00:00:00
TPR,73.441,2025-07-11 00:00:00
CCL,72.027,2025-07-11 00:00:00
LUV,71.722,2025-07-11 00:00:00
HBAN,66.992,2025-07-11 00:00:00
STX,66.431,2025-07-11 00:00:00
HLT,66.278,2025-07-11 00:00:00
HAS,66.166,2025-07-11 00:00:00
TRMB,65.986,2025-07-11 00:00:00
COIN,64.876,2025-07-11 00:00:00
KEY,64.461,2025-07-11 00:00:00
CFG,63.399,2025-07-11 00:00:00
NCLH,63.297,2025-07-11 00:00:00
EMR,63.07,2025-07-11 00:00:00
GS,62.304,2025-07-11 00:00:00
PNC,61.754,2025-07-11 00:00:00
PNR,60.938,2025-07-11 00:00:00
URI,60.852,2025-07-11 00:00:00
CF,59.536,2025-07-11 00:00:00
NSC,59.278,2025-07-11 00:00:00
BK,57.927,2025-07-11 00:00:00
CAT,57.219,2025-07-11 00:00:00
DAL,56.992,2025-07-11 00:00:00
DDOG,55.607,2025-07-11 00:00:00
WFC,55.515,2025-07-11 00:00:00
GNRC,55.156,2025-07-11 00:00:00
MPC,55.07,2025-07-11 00:00:00
BX,54.817,2025-07-11 00:00:00
FAST,54.635,2025-07-11 00:00:00
AMZN,53.8,2025-07-11 00:00:00
FITB,53.585,2025-07-11 00:00:00
WYNN,53.543,2025-07-11 00:00:00
C,53.07,2025-07-11 00:00:00
VLO,52.945,2025-07-11 00:00:00
PHM,52.581,2025-07-11 00:00:00
SNPS,52.518,2025-07-11 00:00:00
TFC,51.351,2025-07-11 00:00:00
PSKY,51.317,2025-07-11 00:00:00
WDC,51.21,2025-07-11 00:00:00
AXP,51.117,2025-07-11 00:00:00
NKE,50.771,2025-07-11 00:00:00
USB,50.709,2025-07-11 00:00:00
PTC,50.679,2025-07-11 00:00:00
HPE,50.337,2025-07-11 00:00:00
WAB,49.495,2025-07-11 00:00:00
GWW,49.301,2025-07-11 00:00:00
GOOG,48.754,2025-07-11 00:00:00
GOOGL,48.397,2025-07-11 00:00:00
MRNA,47.392,2025-07-11 00:00:00
TSCO,47.142,2025-07-11 00:00:00
DHI,46.578,2025-07-11 00:00:00
EL,46.55,2025-07-11 00:00:00
TER,45.709,2025-07-11 00:00:00
AES,44.44,2025-07-11 00:00:00
BLDR,41.884,2025-07-11 00:00:00
EXR,41.703,2025-07-11 00:00:00
CMI,41.493,2025-07-11 00:00:00
SW,40.083,2025-07-11 00:00:00
ABBV,40.076,2025-07-11 00:00:00
MRK,39.811,2025-07-11 00:00:00
FDX,38.815,2025-07-11 00:00:00
FCX,38.802,2025-07-11 00:00:00
ALB,37.466,2025-07-11 00:00:00
ODFL,35.924,2025-07-11 00:00:00
ADM,29.361,2025-07-11 00:00:00
LEN,27.7,2025-07-11 00:00:00
ORCL,79.192,2025-07-14 00:00:00
RCL,75.661,2025-07-14 00:00:00
WBD,75.478,2025-07-14 00:00:00
TPR,73.767,2025-07-14 00:00:00
CCL,70.168,2025-07-14 00:00:00
HAS,68.558,2025-07-14 00:00:00
COIN,67.858,2025-07-14 00:00:00
BK,67.754,2025-07-14 00:00:00
STX,66.981,2025-07-14 00:00:00
TRMB,64.593,2025-07-14 00:00:00
NCLH,63.859,2025-07-14 00:00:00
GS,61.853,2025-07-14 00:00:00
PNC,61.787,2025-07-14 00:00:00
HBAN,60.837,2025-07-14 00:00:00
FAST,60.34,2025-07-14 00:00:00
KEY,60.083,2025-07-14 00:00:00
CFG,59.264,2025-07-14 00:00:00
WFC,57.549,2025-07-14 00:00:00
STT,56.343,2025-07-14 00:00:00
PHM,55.798,2025-07-14 00:00:00
DDOG,55.637,2025-07-14 00:00:00
PNR,55.009,2025-07-14 00:00:00
SNPS,54.657,2025-07-14 00:00:00
CF,54.567,2025-07-14 00:00:00
WYNN,54.052,2025-07-14 00:00:00
C,53.889,2025-07-14 00:00:00
MS,53.59,2025-07-14 00:00:00
PSKY,53.144,2025-07-14 00:00:00
WDC,52.441,2025-07-14 00:00:00
GNRC,52.228,2025-07-14 00:00:00
CAT,52.042,2025-07-14 00:00:00
TFC,51.927,2025-07-14 00:00:00
DAL,50.988,2025-07-14 00:00:00
PTC,50.722,2025-07-14 00:00:00
VLO,50.176,2025-07-14 00:00:00
USB,50.105,2025-07-14 00:00:00
HPE,48.969,2025-07-14 00:00:00
GWW,48.407,2025-07-14 00:00:00
FITB,48.212,2025-07-14 00:00:00
MRNA,47.123,2025-07-14 00:00:00
DHI,44.546,2025-07-14 00:00:00
AES,44.508,2025-07-14 00:00:00
TER,44.279,2025-07-14 00:00:00
EXR,42.012,2025-07-14 00:00:00
BLDR,41.753,2025-07-14 00:00:00
EL,40.186,2025-07-14 00:00:00
FCX,38.358,2025-07-14 00:00:00
ALB,37.467,2025-07-14 00:00:00
LEN,25.794,2025-07-14 00:00:00
ORCL,77.743,2025-07-15 00:00:00
WBD,75.717,2025-07-15 00:00:00
COIN,75.303,2025-07-15 00:00:00
TPR,75.034,2025-07-15 00:00:00
BK,69.804,2025-07-15 00:00:00
CCL,66.971,2025-07-15 00:00:00
STX,66.122,2025-07-15 00:00:00
FAST,61.619,2025-07-15 00:00:00
NCLH,61.141,2025-07-15 00:00:00
TRMB,59.89,2025-07-15 00:00:00
SNPS,58.433,2025-07-15 00:00:00
C,58.163,2025-07-15 00:00:00
KEY,56.555,2025-07-15 00:00:00
PNC,56.484,2025-07-15 00:00:00
CFG,56.482,2025-07-15 00:00:00
DDOG,55.782,2025-07-15 00:00:00
URI,54.492,2025-07-15 00:00:00
WYNN,54.364,2025-07-15 00:00:00
WDC,53.31,2025-07-15 00:00:00
CF,52.81,2025-07-15 00:00:00
PNR,52.741,2025-07-15 00:00:00
DAL,51.211,2025-07-15 00:00:00
CAT,51.031,2025-07-15 00:00:00
PTC,51.018,2025-07-15 00:00:00
BX,50.678,2025-07-15 00:00:00
GNRC,50.199,2025-07-15 00:00:00
VLO,49.788,2025-07-15 00:00:00
PSKY,48.497,2025-07-15 00:00:00
PHM,47.231,2025-07-15 00:00:00
FITB,46.698,2025-07-15 00:00:00
AES,46.1,2025-07-15 00:00:00
TFC,45.095,2025-07-15 00:00:00
IVZ,44.9,2025-07-15 00:00:00
AMD,43.069,2025-07-15 00:00:00
CMI,42.254,2025-07-15 00:00:00
BLDR,39.715,2025-07-15 00:00:00
TER,38.797,2025-07-15 00:00:00
ALB,37.72,2025-07-15 00:00:00
FCX,36.652,2025-07-15 00:00:00
EL,36.189,2025-07-15 00:00:00
WBD,83.012,2025-07-16 00:00:00
ORCL,80.131,2025-07-16 00:00:00
COIN,75.585,2025-07-16 00:00:00
TPR,74.838,2025-07-16 00:00:00
BK,74.807,2025-07-16 00:00:00
SNPS,63.229,2025-07-16 00:00:00
FAST,62.345,2025-07-16 00:00:00
NCLH,61.627,2025-07-16 00:00:00
C,58.68,2025-07-16 00:00:00
DDOG,56.239,2025-07-16 00:00:00
TTD,55.438,2025-07-16 00:00:00
BX,54.296,2025-07-16 00:00:00
WDC,51.81,2025-07-16 00:00:00
URI,51.794,2025-07-16 00:00:00
PTC,51.472,2025-07-16 00:00:00
DAL,50.871,2025-07-16 00:00:00
CAT,49.59,2025-07-16 00:00:00
UAL,49.448,2025-07-16 00:00:00
AMD,48.96,2025-07-16 00:00:00
IVZ,46.093,2025-07-16 00:00:00
AES,45.853,2025-07-16 00:00:00
BLK,45.509,2025-07-16 00:00:00
VLO,45.279,2025-07-16 00:00:00
CMI,43.402,2025-07-16 00:00:00
ALB,37.355,2025-07-16 00:00:00
WBD,84.475,2025-07-17 00:00:00
BK,76.829,2025-07-17 00:00:00
ORCL,76.025,2025-07-17 00:00:00
COIN,75.721,2025-07-17 00:00:00
TPR,75.313,2025-07-17 00:00:00
GE,73.46,2025-07-17 00:00:00
SNPS,66.335,2025-07-17 00:00:00
FAST,65.9,2025-07-17 00:00:00
C,63.38,2025-07-17 00:00:00
BX,58.426,2025-07-17 00:00:00
CFG,57.796,2025-07-17 00:00:00
TTD,57.407,2025-07-17 00:00:00
DDOG,56.963,2025-07-17 00:00:00
UAL,53.293,2025-07-17 00:00:00
URI,52.981,2025-07-17 00:00:00
PTC,52.633,2025-07-17 00:00:00
DAL,51.338,2025-07-17 00:00:00
CAT,50.342,2025-07-17 00:00:00
AMD,50.291,2025-07-17 00:00:00
MMM,49.764,2025-07-17 00:00:00
AES,46.234,2025-07-17 00:00:00
IVZ,46.041,2025-07-17 00:00:00
CMI,41.778,2025-07-17 00:00:00
BLK,40.059,2025-07-17 00:00:00
ALB,35.49,2025-07-17 00:00:00
WBD,86.024,2025-07-18 00:00:00
BK,78.98,2025-07-18 00:00:00
COIN,76.607,2025-07-18 00:00:00
TPR,75.257,2025-07-18 00:00:00
TDY,74.974,2025-07-18 00:00:00
ORCL,73.135,2025-07-18 00:00:00
IVZ,69.125,2025-07-18 00:00:00
FAST,67.234,2025-07-18 00:00:00
NSC,66.988,2025-07-18 00:00:00
GE,65.88,2025-07-18 00:00:00
TRMB,63.002,2025-07-18 00:00:00
SNPS,61.111,2025-07-18 00:00:00
TEL,59.794,2025-07-18 00:00:00
BX,58.389,2025-07-18 00:00:00
SCHW,55.969,2025-07-18 00:00:00
C,55.624,2025-07-18 00:00:00
UAL,55.052,2025-07-18 00:00:00
PTC,53.684,2025-07-18 00:00:00
RF,53.614,2025-07-18 00:00:00
TTD,52.087,2025-07-18 00:00:00
DAL,51.801,2025-07-18 00:00:00
AMD,50.906,2025-07-18 00:00:00
CAT,50.784,2025-07-18 00:00:00
WDC,49.921,2025-07-18 00:00:00
CSX,49.693,2025-07-18 00:00:00
CMI,47.578,2025-07-18 00:00:00
AES,47.301,2025-07-18 00:00:00
TROW,44.075,2025-07-18 00:00:00
ALB,42.196,2025-07-18 00:00:00
SNA,33.14,2025-07-18 00:00:00
WBD,86.805,2025-07-21 00:00:00
COIN,80.205,2025-07-21 00:00:00
BK,77.97,2025-07-21 00:00:00
TPR,76.13,2025-07-21 00:00:00
ORCL,72.33,2025-07-21 00:00:00
NSC,70.028,2025-07-21 00:00:00
TDY,69.745,2025-07-21 00:00:00
FAST,68.63,2025-07-21 00:00:00
IVZ,66.532,2025-07-21 00:00:00
TEL,66.193,2025-07-21 00:00:00
GE,64.535,2025-07-21 00:00:00
SNPS,63.848,2025-07-21 00:00:00
TRMB,63.724,2025-07-21 00:00:00
CFG,61.664,2025-07-21 00:00:00
SCHW,57.883,2025-07-21 00:00:00
RF,57.865,2025-07-21 00:00:00
BX,57.694,2025-07-21 00:00:00
AMD,56.533,2025-07-21 00:00:00
XYZ,56.44,2025-07-21 00:00:00
TTD,56.43,2025-07-21 00:00:00
C,56.273,2025-07-21 00:00:00
UAL,56.183,2025-07-21 00:00:00
PTC,54.196,2025-07-21 00:00:00
DAL,51.467,2025-07-21 00:00:00
CAT,50.182,2025-07-21 00:00:00
TXT,49.334,2025-07-21 00:00:00
TROW,48.997,2025-07-21 00:00:00
AES,48.708,2025-07-21 00:00:00
CSX,47.75,2025-07-21 00:00:00
CMI,46.653,2025-07-21 00:00:00
ALB,43.769,2025-07-21 00:00:00
TER,37.707,2025-07-21 00:00:00
JNJ,35.243,2025-07-21 00:00:00
SNA,33.588,2025-07-21 00:00:00
WBD,87.36,2025-07-22 00:00:00
BK,77.892,2025-07-22 00:00:00
TPR,76.855,2025-07-22 00:00:00
COIN,75.04,2025-07-22 00:00:00
NSC,71.274,2025-07-22 00:00:00
TDY,69.741,2025-07-22 00:00:00
IVZ,69.299,2025-07-22 00:00:00
TEL,67.651,2025-07-22 00:00:00
SNPS,65.558,2025-07-22 00:00:00
XYZ,65.294,2025-07-22 00:00:00
TRMB,64.736,2025-07-22 00:00:00
LUV,64.03,2025-07-22 00:00:00
GE,63.377,2025-07-22 00:00:00
C,62.554,2025-07-22 00:00:00
CFG,62.326,2025-07-22 00:00:00
FAST,61.87,2025-07-22 00:00:00
JPM,59.772,2025-07-22 00:00:00
TTD,57.525,2025-07-22 00:00:00
AMD,57.008,2025-07-22 00:00:00
UAL,56.778,2025-07-22 00:00:00
PTC,55.015,2025-07-22 00:00:00
TROW,53.374,2025-07-22 00:00:00
DHI,53.081,2025-07-22 00:00:00
RF,53.016,2025-07-22 00:00:00
SCHW,52.834,2025-07-22 00:00:00
NEM,51.766,2025-07-22 00:00:00
CAT,51.636,2025-07-22 00:00:00
DAL,51.033,2025-07-22 00:00:00
PHM,50.637,2025-07-22 00:00:00
TXT,50.408,2025-07-22 00:00:00
CSX,50.32,2025-07-22 00:00:00
CMI,50.143,2025-07-22 00:00:00
ALB,49.691,2025-07-22 00:00:00
BX,49.364,2025-07-22 00:00:00
AES,48.968,2025-07-22 00:00:00
ALLE,47.174,2025-07-22 00:00:00
PEP,42.692,2025-07-22 00:00:00
BLK,41.194,2025-07-22 00:00:00
JNJ,40.417,2025-07-22 00:00:00
GPC,39.172,2025-07-22 00:00:00
SNA,37.832,2025-07-22 00:00:00
PLD,29.52,2025-07-22 00:00:00
LEN,25.823,2025-07-22 00:00:00
HSY,25.292,2025-07-22 00:00:00
WBD,88.551,2025-07-23 00:00:00
GEV,80.778,2025-07-23 00:00:00
BK,78.344,2025-07-23 00:00:00
TPR,76.748,2025-07-23 00:00:00
TEL,76.131,2025-07-23 00:00:00
NSC,73.444,2025-07-23 00:00:00
COIN,71.802,2025-07-23 00:00:00
IVZ,70.578,2025-07-23 00:00:00
APH,69.715,2025-07-23 00:00:00
ORCL,68.562,2025-07-23 00:00:00
TDY,67.74,2025-07-23 00:00:00
TRMB,67.702,2025-07-23 00:00:00
SNPS,67.03,2025-07-23 00:00:00
XYZ,65.301,2025-07-23 00:00:00
C,64.765,2025-07-23 00:00:00
CFG,64.703,2025-07-23 00:00:00
GE,63.27,2025-07-23 00:00:00
FAST,62.245,2025-07-23 00:00:00
JPM,61.877,2025-07-23 00:00:00
LUV,60.51,2025-07-23 00:00:00
SYF,60.49,2025-07-23 00:00:00
TTD,58.8,2025-07-23 00:00:00
AMD,58.349,2025-07-23 00:00:00
TXT,57.782,2025-07-23 00:00:00
WFC,57.462,2025-07-23 00:00:00
IQV,57.098,2025-07-23 00:00:00
RF,56.264,2025-07-23 00:00:00
UAL,56.174,2025-07-23 00:00:00
CBOE,55.626,2025-07-23 00:00:00
CAT,53.569,2025-07-23 00:00:00
BKR,53.319,2025-07-23 00:00:00
CSX,52.856,2025-07-23 00:00:00
SCHW,52.508,2025-07-23 00:00:00
NEM,52.279,2025-07-23 00:00:00
CMI,51.473,2025-07-23 00:00:00
ALLE,51.202,2025-07-23 00:00:00
BAC,50.311,2025-07-23 00:00:00
BX,50.102,2025-07-23 00:00:00
DAL,49.613,2025-07-23 00:00:00
ALB,49.469,2025-07-23 00:00:00
BSX,48.081,2025-07-23 00:00:00
LII,47.555,2025-07-23 00:00:00
GD,47.232,2025-07-23 00:00:00
DHI,47.219,2025-07-23 00:00:00
TMO,46.537,2025-07-23 00:00:00
PHM,44.64,2025-07-23 00:00:00
BLK,44.071,2025-07-23 00:00:00
GPC,43.338,2025-07-23 00:00:00
PEP,43.106,2025-07-23 00:00:00
JNJ,42.682,2025-07-23 00:00:00
TROW,41.458,2025-07-23 00:00:00
SNA,37.102,2025-07-23 00:00:00
PLD,31.241,2025-07-23 00:00:00
LW,26.794,2025-07-23 00:00:00
PCAR,22.114,2025-07-23 00:00:00
WBD,85.799,2025-07-24 00:00:00
BK,78.362,2025-07-24 00:00:00
NSC,74.736,2025-07-24 00:00:00
GEV,73.815,2025-07-24 00:00:00
GE,72.498,2025-07-24 00:00:00
APH,72.282,2025-07-24 00:00:00
TPR,72.174,2025-07-24 00:00:00
TEL,70.901,2025-07-24 00:00:00
IVZ,70.713,2025-07-24 00:00:00
RTX,69.415,2025-07-24 00:00:00
TRMB,68.425,2025-07-24 00:00:00
AMD,68.162,2025-07-24 00:00:00
SNPS,65.911,2025-07-24 00:00:00
XYZ,65.731,2025-07-24 00:00:00
C,65.097,2025-07-24 00:00:00
ALLE,63.702,2025-07-24 00:00:00
FAST,63.241,2025-07-24 00:00:00
CFG,63.075,2025-07-24 00:00:00
TDY,62.745,2025-07-24 00:00:00
URI,62.089,2025-07-24 00:00:00
IQV,61.937,2025-07-24 00:00:00
LH,61.597,2025-07-24 00:00:00
JPM,60.64,2025-07-24 00:00:00
BKR,60.336,2025-07-24 00:00:00
BR,60.253,2025-07-24 00:00:00
TTD,60.202,2025-07-24 00:00:00
CBOE,59.354,2025-07-24 00:00:00
RF,58.462,2025-07-24 00:00:00
SCHW,57.878,2025-07-24 00:00:00
RJF,56.979,2025-07-24 00:00:00
CMI,56.186,2025-07-24 00:00:00
CSX,55.209,2025-07-24 00:00:00
BX,52.649,2025-07-24 00:00:00
ALB,52.225,2025-07-24 00:00:00
TMO,52.003,2025-07-24 00:00:00
BAC,50.792,2025-07-24 00:00:00
NEM,48.225,2025-07-24 00:00:00
RMD,48.054,2025-07-24 00:00:00
WST,47.701,2025-07-24 00:00:00
NOC,46.735,2025-07-24 00:00:00
LII,44.121,2025-07-24 00:00:00
JNJ,42.898,2025-07-24 00:00:00
DHI,42.066,2025-07-24 00:00:00
TSCO,41.885,2025-07-24 00:00:00
TROW,41.09,2025-07-24 00:00:00
ADSK,40.771,2025-07-24 00:00:00
GD,39.956,2025-07-24 00:00:00
NOW,39.861,2025-07-24 00:00:00
GPC,39.549,2025-07-24 00:00:00
CTAS,36.063,2025-07-24 00:00:00
PEP,33.593,2025-07-24 00:00:00
SNA,33.213,2025-07-24 00:00:00
LW,30.455,2025-07-24 00:00:00
PYPL,28.855,2025-07-24 00:00:00
PCAR,25.587,2025-07-24 00:00:00
WBD,86.008,2025-07-25 00:00:00
BK,79.731,2025-07-25 00:00:00
NSC,76.801,2025-07-25 00:00:00
GEV,75.99,2025-07-25 00:00:00
GE,73.198,2025-07-25 00:00:00
TEL,72.284,2025-07-25 00:00:00
TPR,71.989,2025-07-25 00:00:00
RTX,71.558,2025-07-25 00:00:00
FAST,71.039,2025-07-25 00:00:00
TRMB,70.844,2025-07-25 00:00:00
IVZ,70.571,2025-07-25 00:00:00
AMD,70.465,2025-07-25 00:00:00
ALLE,67.259,2025-07-25 00:00:00
C,66.207,2025-07-25 00:00:00
XYZ,66.009,2025-07-25 00:00:00
SNPS,65.651,2025-07-25 00:00:00
RF,64.98,2025-07-25 00:00:00
APH,64.369,2025-07-25 00:00:00
BR,64.222,2025-07-25 00:00:00
SYF,63.826,2025-07-25 00:00:00
TDY,63.617,2025-07-25 00:00:00
IQV,62.164,2025-07-25 00:00:00
LHX,62.108,2025-07-25 00:00:00
TTD,61.578,2025-07-25 00:00:00
BKR,61.46,2025-07-25 00:00:00
NEM,60.28,2025-07-25 00:00:00
SCHW,59.85,2025-07-25 00:00:00
CFG,59.595,2025-07-25 00:00:00
WFC,59.024,2025-07-25 00:00:00
CBOE,58.865,2025-07-25 00:00:00
URI,58.503,2025-07-25 00:00:00
CMI,58.093,2025-07-25 00:00:00
BX,57.809,2025-07-25 00:00:00
CSX,57.345,2025-07-25 00:00:00
ALB,56.807,2025-07-25 00:00:00
RJF,54.856,2025-07-25 00:00:00
LH,54.016,2025-07-25 00:00:00
STT,54.008,2025-07-25 00:00:00
TMO,53.672,2025-07-25 00:00:00
PSKY,50.798,2025-07-25 00:00:00
BAC,50.484,2025-07-25 00:00:00
CCI,50.429,2025-07-25 00:00:00
RMD,49.943,2025-07-25 00:00:00
GL,49.138,2025-07-25 00:00:00
UAL,48.795,2025-07-25 00:00:00
POOL,48.099,2025-07-25 00:00:00
LVS,47.469,2025-07-25 00:00:00
MCO,47.207,2025-07-25 00:00:00
NOC,46.604,2025-07-25 00:00:00
MHK,45.934,2025-07-25 00:00:00
GPC,44.144,2025-07-25 00:00:00
LII,43.707,2025-07-25 00:00:00
DHI,42.942,2025-07-25 00:00:00
TSCO,41.878,2025-07-25 00:00:00
GD,41.594,2025-07-25 00:00:00
TROW,41.18,2025-07-25 00:00:00
ARE,39.939,2025-07-25 00:00:00
SNA,37.601,2025-07-25 00:00:00
PCAR,37.596,2025-07-25 00:00:00
CTAS,37.183,2025-07-25 00:00:00
JNJ,37.056,2025-07-25 00:00:00
PEP,36.56,2025-07-25 00:00:00
RVTY,36.41,2025-07-25 00:00:00
AOS,36.128,2025-07-25 00:00:00
WST,34.958,2025-07-25 00:00:00
LW,31.793,2025-07-25 00:00:00
WBD,86.573,2025-07-28 00:00:00
NSC,79.626,2025-07-28 00:00:00
BK,76.955,2025-07-28 00:00:00
TRMB,76.449,2025-07-28 00:00:00
GEV,76.36,2025-07-28 00:00:00
TEL,73.904,2025-07-28 00:00:00
AMD,73.1,2025-07-28 00:00:00
TPR,70.773,2025-07-28 00:00:00
APH,70.571,2025-07-28 00:00:00
IVZ,70.124,2025-07-28 00:00:00
GE,67.673,2025-07-28 00:00:00
NDAQ,66.836,2025-07-28 00:00:00
RF,66.372,2025-07-28 00:00:00
C,65.943,2025-07-28 00:00:00
XYZ,65.737,2025-07-28 00:00:00
URI,65.499,2025-07-28 00:00:00
SNPS,63.99,2025-07-28 00:00:00
SYF,63.95,2025-07-28 00:00:00
TDY,63.945,2025-07-28 00:00:00
FAST,63.914,2025-07-28 00:00:00
ALLE,63.36,2025-07-28 00:00:00
TTD,62.53,2025-07-28 00:00:00
RTX,61.739,2025-07-28 00:00:00
BKR,61.401,2025-07-28 00:00:00
SCHW,60.856,2025-07-28 00:00:00
LHX,60.718,2025-07-28 00:00:00
ETN,60.518,2025-07-28 00:00:00
CAT,60.009,2025-07-28 00:00:00
CSX,58.793,2025-07-28 00:00:00
CMI,58.655,2025-07-28 00:00:00
CFG,58.358,2025-07-28 00:00:00
BX,56.938,2025-07-28 00:00:00
IQV,56.844,2025-07-28 00:00:00
CBOE,56.102,2025-07-28 00:00:00
TMO,55.42,2025-07-28 00:00:00
CSGP,54.607,2025-07-28 00:00:00
WDC,54.465,2025-07-28 00:00:00
RJF,54.279,2025-07-28 00:00:00
LH,52.63,2025-07-28 00:00:00
NEM,52.624,2025-07-28 00:00:00
STT,52.322,2025-07-28 00:00:00
MHK,50.517,2025-07-28 00:00:00
LVS,50.401,2025-07-28 00:00:00
RMD,50.335,2025-07-28 00:00:00
PSKY,50.184,2025-07-28 00:00:00
UAL,49.681,2025-07-28 00:00:00
GL,48.963,2025-07-28 00:00:00
POOL,47.589,2025-07-28 00:00:00
DHI,47.127,2025-07-28 00:00:00
NOC,45.383,2025-07-28 00:00:00
GPC,44.127,2025-07-28 00:00:00
ALB,43.988,2025-07-28 00:00:00
LII,43.199,2025-07-28 00:00:00
PCAR,42.053,2025-07-28 00:00:00
SYY,41.127,2025-07-28 00:00:00
PHM,40.874,2025-07-28 00:00:00
CVX,40.619,2025-07-28 00:00:00
GD,40.423,2025-07-28 00:00:00
TROW,40.14,2025-07-28 00:00:00
HSY,38.403,2025-07-28 00:00:00
WST,35.565,2025-07-28 00:00:00
JNJ,35.104,2025-07-28 00:00:00
PEP,34.782,2025-07-28 00:00:00
LW,30.603,2025-07-28 00:00:00
WBD,84.33,2025-07-29 00:00:00
TRMB,76.859,2025-07-29 00:00:00
GEV,75.907,2025-07-29 00:00:00
KEY,75.431,2025-07-29 00:00:00
AMD,74.376,2025-07-29 00:00:00
TEL,74.075,2025-07-29 00:00:00
SNPS,70.788,2025-07-29 00:00:00
APH,70.436,2025-07-29 00:00:00
IVZ,70.11,2025-07-29 00:00:00
NSC,69.644,2025-07-29 00:00:00
TPR,69.29,2025-07-29 00:00:00
RF,68.979,2025-07-29 00:00:00
NDAQ,68.83,2025-07-29 00:00:00
SYF,68.172,2025-07-29 00:00:00
URI,65.33,2025-07-29 00:00:00
LHX,65.244,2025-07-29 00:00:00
XYZ,64.669,2025-07-29 00:00:00
ALLE,64.474,2025-07-29 00:00:00
BKR,63.132,2025-07-29 00:00:00
TDY,63.127,2025-07-29 00:00:00
CFG,62.626,2025-07-29 00:00:00
CBRE,62.624,2025-07-29 00:00:00
SCHW,61.896,2025-07-29 00:00:00
PWR,61.402,2025-07-29 00:00:00
CSX,61.348,2025-07-29 00:00:00
GNRC,60.563,2025-07-29 00:00:00
HUBB,60.518,2025-07-29 00:00:00
CAT,59.756,2025-07-29 00:00:00
GLW,58.662,2025-07-29 00:00:00
STT,58.482,2025-07-29 00:00:00
WFC,58.256,2025-07-29 00:00:00
NEM,57.83,2025-07-29 00:00:00
RTX,57.662,2025-07-29 00:00:00
CSGP,57.511,2025-07-29 00:00:00
CMI,57.283,2025-07-29 00:00:00
BX,57.214,2025-07-29 00:00:00
C,57.168,2025-07-29 00:00:00
GL,56.717,2025-07-29 00:00:00
GOOGL,56.706,2025-07-29 00:00:00
IQV,56.599,2025-07-29 00:00:00
WDC,56.176,2025-07-29 00:00:00
CBOE,56.126,2025-07-29 00:00:00
RJF,55.329,2025-07-29 00:00:00
FAST,54.644,2025-07-29 00:00:00
IDXX,54.559,2025-07-29 00:00:00
MHK,54.212,2025-07-29 00:00:00
BR,53.91,2025-07-29 00:00:00
TTD,53.672,2025-07-29 00:00:00
RMD,53.129,2025-07-29 00:00:00
LH,52.458,2025-07-29 00:00:00
TMO,51.957,2025-07-29 00:00:00
ETN,51.897,2025-07-29 00:00:00
NXPI,51.569,2025-07-29 00:00:00
LVS,51.42,2025-07-29 00:00:00
MCO,50.828,2025-07-29 00:00:00
UAL,49.942,2025-07-29 00:00:00
IP,49.925,2025-07-29 00:00:00
DHI,48.987,2025-07-29 00:00:00
BLK,47.812,2025-07-29 00:00:00
EW,47.757,2025-07-29 00:00:00
NOC,47.067,2025-07-29 00:00:00
GPC,46.12,2025-07-29 00:00:00
GD,45.813,2025-07-29 00:00:00
TSCO,45.481,2025-07-29 00:00:00
LII,45.25,2025-07-29 00:00:00
POOL,42.369,2025-07-29 00:00:00
PHM,41.99,2025-07-29 00:00:00
PCAR,41.28,2025-07-29 00:00:00
CVX,41.097,2025-07-29 00:00:00
ALB,39.868,2025-07-29 00:00:00
HSY,39.778,2025-07-29 00:00:00
AOS,39.58,2025-07-29 00:00:00
TROW,39.559,2025-07-29 00:00:00
SYY,37.421,2025-07-29 00:00:00
DHR,37.384,2025-07-29 00:00:00
JNJ,36.743,2025-07-29 00:00:00
PEP,36.569,2025-07-29 00:00:00
VLTO,35.464,2025-07-29 00:00:00
LW,34.805,2025-07-29 00:00:00
WST,34.683,2025-07-29 00:00:00
CTAS,34.478,2025-07-29 00:00:00
TRMB,77.67,2025-07-30 00:00:00
WBD,77.14,2025-07-30 00:00:00
GEV,76.829,2025-07-30 00:00:00
AMD,70.868,2025-07-30 00:00:00
GNRC,70.335,2025-07-30 00:00:00
TPR,70.162,2025-07-30 00:00:00
APH,70.106,2025-07-30 00:00:00
SNPS,69.883,2025-07-30 00:00:00
NSC,69.849,2025-07-30 00:00:00
TEL,69.839,2025-07-30 00:00:00
NDAQ,68.128,2025-07-30 00:00:00
RF,66.606,2025-07-30 00:00:00
URI,65.54,2025-07-30 00:00:00
ALLE,65.206,2025-07-30 00:00:00
IVZ,65.167,2025-07-30 00:00:00
CDNS,64.823,2025-07-30 00:00:00
WDC,63.77,2025-07-30 00:00:00
CBRE,63.163,2025-07-30 00:00:00
PWR,62.178,2025-07-30 00:00:00
LHX,62.078,2025-07-30 00:00:00
SCHW,61.581,2025-07-30 00:00:00
C,61.575,2025-07-30 00:00:00
GLW,60.606,2025-07-30 00:00:00
CSX,60.206,2025-07-30 00:00:00
CMI,60.123,2025-07-30 00:00:00
CFG,59.828,2025-07-30 00:00:00
CSGP,58.895,2025-07-30 00:00:00
PSKY,58.531,2025-07-30 00:00:00
RTX,57.472,2025-07-30 00:00:00
GOOGL,56.869,2025-07-30 00:00:00
LVS,56.683,2025-07-30 00:00:00
CAT,56.141,2025-07-30 00:00:00
GL,56.105,2025-07-30 00:00:00
XYZ,56.062,2025-07-30 00:00:00
IDXX,55.599,2025-07-30 00:00:00
STT,55.58,2025-07-30 00:00:00
RJF,55.421,2025-07-30 00:00:00
IQV,55.108,2025-07-30 00:00:00
HUBB,55.099,2025-07-30 00:00:00
EL,55.04,2025-07-30 00:00:00
BKR,54.682,2025-07-30 00:00:00
AEP,54.434,2025-07-30 00:00:00
ETN,53.823,2025-07-30 00:00:00
RMD,53.65,2025-07-30 00:00:00
TTD,53.511,2025-07-30 00:00:00
NEM,53.19,2025-07-30 00:00:00
LH,52.323,2025-07-30 00:00:00
FAST,52.171,2025-07-30 00:00:00
ALGN,52.058,2025-07-30 00:00:00
TMO,51.665,2025-07-30 00:00:00
BR,51.658,2025-07-30 00:00:00
TSCO,51.255,2025-07-30 00:00:00
IP,50.866,2025-07-30 00:00:00
MCO,50.658,2025-07-30 00:00:00
BX,49.77,2025-07-30 00:00:00
EW,49.316,2025-07-30 00:00:00
TER,47.465,2025-07-30 00:00:00
NOC,47.375,2025-07-30 00:00:00
DHI,47.043,2025-07-30 00:00:00
MHK,46.964,2025-07-30 00:00:00
GD,45.78,2025-07-30 00:00:00
GPC,45.257,2025-07-30 00:00:00
HSY,41.953,2025-07-30 00:00:00
LII,41.449,2025-07-30 00:00:00
PCAR,41.171,2025-07-30 00:00:00
HAL,39.504,2025-07-30 00:00:00
SYY,39.118,2025-07-30 00:00:00
CVX,38.627,2025-07-30 00:00:00
PHM,37.236,2025-07-30 00:00:00
VLTO,36.887,2025-07-30 00:00:00
PEP,34.109,2025-07-30 00:00:00
CTAS,34.088,2025-07-30 00:00:00
WST,33.884,2025-07-30 00:00:00
LW,33.55,2025-07-30 00:00:00
EBAY,74.38,2025-07-31 00:00:00
WBD,73.66,2025-07-31 00:00:00
STX,72.396,2025-07-31 00:00:00
TRMB,72.07,2025-07-31 00:00:00
GEV,71.895,2025-07-31 00:00:00
APH,70.688,2025-07-31 00:00:00
AMD,70.326,2025-07-31 00:00:00
WDC,69.785,2025-07-31 00:00:00
TEL,69.552,2025-07-31 00:00:00
TPR,68.567,2025-07-31 00:00:00
NDAQ,67.83,2025-07-31 00:00:00
META,66.932,2025-07-31 00:00:00
NSC,66.388,2025-07-31 00:00:00
NCLH,65.693,2025-07-31 00:00:00
ALLE,65.542,2025-07-31 00:00:00
IVZ,64.682,2025-07-31 00:00:00
MSFT,63.93,2025-07-31 00:00:00
URI,63.757,2025-07-31 00:00:00
GNRC,63.209,2025-07-31 00:00:00
LHX,62.376,2025-07-31 00:00:00
RF,62.268,2025-07-31 00:00:00
CAT,61.71,2025-07-31 00:00:00
CMI,59.96,2025-07-31 00:00:00
EL,59.941,2025-07-31 00:00:00
CSGP,59.358,2025-07-31 00:00:00
CSX,58.704,2025-07-31 00:00:00
SCHW,58.3,2025-07-31 00:00:00
GLW,58.094,2025-07-31 00:00:00
CDNS,57.512,2025-07-31 00:00:00
PWR,57.346,2025-07-31 00:00:00
AEP,56.239,2025-07-31 00:00:00
SNPS,55.696,2025-07-31 00:00:00
LVS,55.449,2025-07-31 00:00:00
CBRE,55.265,2025-07-31 00:00:00
GOOGL,54.503,2025-07-31 00:00:00
XYZ,54.423,2025-07-31 00:00:00
IQV,53.37,2025-07-31 00:00:00
RTX,53.057,2025-07-31 00:00:00
BR,52.457,2025-07-31 00:00:00
RJF,52.161,2025-07-31 00:00:00
MCO,52.067,2025-07-31 00:00:00
RMD,51.618,2025-07-31 00:00:00
GL,51.368,2025-07-31 00:00:00
NEM,51.102,2025-07-31 00:00:00
TMO,51.065,2025-07-31 00:00:00
LH,50.798,2025-07-31 00:00:00
FFIV,50.258,2025-07-31 00:00:00
CHRW,49.58,2025-07-31 00:00:00
IDXX,49.445,2025-07-31 00:00:00
BKR,49.314,2025-07-31 00:00:00
MAS,48.817,2025-07-31 00:00:00
SPGI,48.648,2025-07-31 00:00:00
NOC,48.554,2025-07-31 00:00:00
EW,47.812,2025-07-31 00:00:00
DHI,46.717,2025-07-31 00:00:00
TER,46.3,2025-07-31 00:00:00
AME,45.983,2025-07-31 00:00:00
HII,44.501,2025-07-31 00:00:00
MHK,43.57,2025-07-31 00:00:00
GD,41.072,2025-07-31 00:00:00
PCAR,40.51,2025-07-31 00:00:00
HSY,39.705,2025-07-31 00:00:00
HAL,39.396,2025-07-31 00:00:00
TYL,38.578,2025-07-31 00:00:00
GPC,38.006,2025-07-31 00:00:00
SYY,37.889,2025-07-31 00:00:00
KMI,37.686,2025-07-31 00:00:00
PHM,36.085,2025-07-31 00:00:00
LW,32.192,2025-07-31 00:00:00
WST,31.172,2025-07-31 00:00:00
GEV,72.245,2025-08-01 00:00:00
AMD,69.444,2025-08-01 00:00:00
LHX,68.312,2025-08-01 00:00:00
TEL,68.075,2025-08-01 00:00:00
WDC,67.24,2025-08-01 00:00:00
ALLE,66.88,2025-08-01 00:00:00
TPR,66.673,2025-08-01 00:00:00
META,65.857,2025-08-01 00:00:00
NDAQ,65.577,2025-08-01 00:00:00
EBAY,65.193,2025-08-01 00:00:00
NCLH,63.551,2025-08-01 00:00:00
URI,62.76,2025-08-01 00:00:00
STX,62.574,2025-08-01 00:00:00
CAT,61.435,2025-08-01 00:00:00
CBOE,61.391,2025-08-01 00:00:00
GNRC,60.828,2025-08-01 00:00:00
GLW,59.552,2025-08-01 00:00:00
CDNS,56.837,2025-08-01 00:00:00
LVS,56.194,2025-08-01 00:00:00
CSGP,56.191,2025-08-01 00:00:00
MSFT,54.883,2025-08-01 00:00:00
RMD,54.723,2025-08-01 00:00:00
SMCI,53.55,2025-08-01 00:00:00
IVZ,53.104,2025-08-01 00:00:00
EL,52.886,2025-08-01 00:00:00
IQV,52.779,2025-08-01 00:00:00
SNPS,52.623,2025-08-01 00:00:00
LH,52.457,2025-08-01 00:00:00
MAS,52.378,2025-08-01 00:00:00
RTX,52.318,2025-08-01 00:00:00
DHI,51.394,2025-08-01 00:00:00
TMO,51.39,2025-08-01 00:00:00
NOC,50.628,2025-08-01 00:00:00
ICE,50.498,2025-08-01 00:00:00
GL,50.361,2025-08-01 00:00:00
BR,50.117,2025-08-01 00:00:00
CBRE,50.096,2025-08-01 00:00:00
IDXX,49.838,2025-08-01 00:00:00
NEM,49.821,2025-08-01 00:00:00
AEP,48.176,2025-08-01 00:00:00
HSY,48.02,2025-08-01 00:00:00
TER,47.883,2025-08-01 00:00:00
GOOGL,47.236,2025-08-01 00:00:00
EW,46.794,2025-08-01 00:00:00
BKR,46.179,2025-08-01 00:00:00
TYL,45.025,2025-08-01 00:00:00
MHK,44.632,2025-08-01 00:00:00
CHRW,43.461,2025-08-01 00:00:00
SPGI,40.919,2025-08-01 00:00:00
GD,39.913,2025-08-01 00:00:00
PHM,39.364,2025-08-01 00:00:00
PCAR,38.826,2025-08-01 00:00:00
AME,37.482,2025-08-01 00:00:00
GPC,37.187,2025-08-01 00:00:00
HII,36.74,2025-08-01 00:00:00
TECH,35.422,2025-08-01 00:00:00
INCY,33.984,2025-08-01 00:00:00
WST,31.936,2025-08-01 00:00:00
LW,30.852,2025-08-01 00:00:00
TRMB,71.96,2025-08-04 00:00:00
GEV,71.933,2025-08-04 00:00:00
AMD,70.589,2025-08-04 00:00:00
LHX,68.986,2025-08-04 00:00:00
ALLE,68.507,2025-08-04 00:00:00
TEL,68.037,2025-08-04 00:00:00
CAT,67.996,2025-08-04 00:00:00
EBAY,67.822,2025-08-04 00:00:00
APH,67.609,2025-08-04 00:00:00
WDC,67.482,2025-08-04 00:00:00
CBOE,64.668,2025-08-04 00:00:00
URI,64.507,2025-08-04 00:00:00
IDXX,64.408,2025-08-04 00:00:00
TPR,64.07,2025-08-04 00:00:00
NCLH,63.972,2025-08-04 00:00:00
META,62.806,2025-08-04 00:00:00
STX,62.423,2025-08-04 00:00:00
NDAQ,62.244,2025-08-04 00:00:00
GNRC,61.768,2025-08-04 00:00:00
GLW,61.283,2025-08-04 00:00:00
MPWR,60.553,2025-08-04 00:00:00
MAS,59.383,2025-08-04 00:00:00
VST,59.026,2025-08-04 00:00:00
CMI,59.022,2025-08-04 00:00:00
RMD,58.416,2025-08-04 00:00:00
MSFT,58.026,2025-08-04 00:00:00
CDNS,57.983,2025-08-04 00:00:00
SMCI,57.478,2025-08-04 00:00:00
CSGP,57.202,2025-08-04 00:00:00
ANET,56.876,2025-08-04 00:00:00
LVS,56.623,2025-08-04 00:00:00
TSCO,55.736,2025-08-04 00:00:00
ETR,55.724,2025-08-04 00:00:00
EL,54.064,2025-08-04 00:00:00
FFIV,53.665,2025-08-04 00:00:00
ICE,53.41,2025-08-04 00:00:00
DHI,52.326,2025-08-04 00:00:00
NOC,51.977,2025-08-04 00:00:00
TYL,51.822,2025-08-04 00:00:00
MCO,51.52,2025-08-04 00:00:00
IVZ,51.469,2025-08-04 00:00:00
SPGI,51.026,2025-08-04 00:00:00
TMO,50.863,2025-08-04 00:00:00
NEM,50.841,2025-08-04 00:00:00
GOOGL,50.792,2025-08-04 00:00:00
GL,50.702,2025-08-04 00:00:00
CBRE,50.345,2025-08-04 00:00:00
IQV,50.303,2025-08-04 00:00:00
GOOG,49.241,2025-08-04 00:00:00
AEP,49.234,2025-08-04 00:00:00
VMC,48.381,2025-08-04 00:00:00
RJF,48.35,2025-08-04 00:00:00
CSX,48.325,2025-08-04 00:00:00
VICI,48.271,2025-08-04 00:00:00
LH,48.013,2025-08-04 00:00:00
TER,47.974,2025-08-04 00:00:00
SNPS,47.956,2025-08-04 00:00:00
BR,47.128,2025-08-04 00:00:00
ZBRA,46.938,2025-08-04 00:00:00
EW,46.913,2025-08-04 00:00:00
CHRW,46.277,2025-08-04 00:00:00
HSY,45.83,2025-08-04 00:00:00
BKR,45.581,2025-08-04 00:00:00
ETN,44.957,2025-08-04 00:00:00
HAL,44.451,2025-08-04 00:00:00
MTD,44.385,2025-08-04 00:00:00
XYL,43.458,2025-08-04 00:00:00
BX,43.299,2025-08-04 00:00:00
MHK,42.51,2025-08-04 00:00:00
PHM,41.842,2025-08-04 00:00:00
GD,40.708,2025-08-04 00:00:00
AME,40.072,2025-08-04 00:00:00
CRL,39.249,2025-08-04 00:00:00
GPC,38.402,2025-08-04 00:00:00
VLTO,36.401,2025-08-04 00:00:00
BLDR,36.12,2025-08-04 00:00:00
HII,35.714,2025-08-04 00:00:00
INCY,35.673,2025-08-04 00:00:00
PCAR,33.178,2025-08-04 00:00:00
WST,30.437,2025-08-04 00:00:00
LW,28.917,2025-08-04 00:00:00
BIIB,20.337,2025-08-04 00:00:00
AMD,74.753,2025-08-05 00:00:00
WDC,72.561,2025-08-05 00:00:00
APH,72.46,2025-08-05 00:00:00
GEV,70.597,2025-08-05 00:00:00
EBAY,67.907,2025-08-05 00:00:00
ALLE,67.476,2025-08-05 00:00:00
TEL,67.072,2025-08-05 00:00:00
TPR,65.073,2025-08-05 00:00:00
CAT,64.499,2025-08-05 00:00:00
URI,63.092,2025-08-05 00:00:00
NDAQ,62.896,2025-08-05 00:00:00
GLW,62.241,2025-08-05 00:00:00
GNRC,62.173,2025-08-05 00:00:00
MPWR,61.923,2025-08-05 00:00:00
CBOE,61.763,2025-08-05 00:00:00
ANET,61.626,2025-08-05 00:00:00
STX,60.955,2025-08-05 00:00:00
BR,60.558,2025-08-05 00:00:00
CMI,60.53,2025-08-05 00:00:00
MAS,58.962,2025-08-05 00:00:00
VST,58.675,2025-08-05 00:00:00
IDXX,58.647,2025-08-05 00:00:00
CDNS,57.893,2025-08-05 00:00:00
NCLH,57.807,2025-08-05 00:00:00
META,57.352,2025-08-05 00:00:00
SMCI,57.347,2025-08-05 00:00:00
CSGP,57.061,2025-08-05 00:00:00
MSFT,56.965,2025-08-05 00:00:00
RMD,56.844,2025-08-05 00:00:00
LVS,56.714,2025-08-05 00:00:00
NEM,54.69,2025-08-05 00:00:00
ETR,54.424,2025-08-05 00:00:00
ICE,54.018,2025-08-05 00:00:00
FFIV,53.385,2025-08-05 00:00:00
TYL,53.289,2025-08-05 00:00:00
AXON,53.0,2025-08-05 00:00:00
SPGI,52.295,2025-08-05 00:00:00
GL,51.459,2025-08-05 00:00:00
MCO,50.584,2025-08-05 00:00:00
CBRE,50.485,2025-08-05 00:00:00
TER,49.777,2025-08-05 00:00:00
TMO,48.268,2025-08-05 00:00:00
RJF,47.511,2025-08-05 00:00:00
CHRW,46.648,2025-08-05 00:00:00
EL,46.4,2025-08-05 00:00:00
EW,46.237,2025-08-05 00:00:00
AME,46.049,2025-08-05 00:00:00
LH,45.389,2025-08-05 00:00:00
BKR,44.331,2025-08-05 00:00:00
NOC,43.729,2025-08-05 00:00:00
XYL,43.059,2025-08-05 00:00:00
GD,39.814,2025-08-05 00:00:00
AEP,39.17,2025-08-05 00:00:00
MTD,38.837,2025-08-05 00:00:00
INCY,36.77,2025-08-05 00:00:00
VLTO,36.539,2025-08-05 00:00:00
HII,36.5,2025-08-05 00:00:00
WTW,35.456,2025-08-05 00:00:00
J,35.249,2025-08-05 00:00:00
TECH,31.923,2025-08-05 00:00:00
MHK,31.585,2025-08-05 00:00:00
CRL,29.927,2025-08-05 00:00:00
WST,29.44,2025-08-05 00:00:00
BIIB,19.2,2025-08-05 00:00:00
APH,72.299,2025-08-06 00:00:00
ANET,70.335,2025-08-06 00:00:00
AMD,69.411,2025-08-06 00:00:00
EBAY,67.862,2025-08-06 00:00:00
TPR,65.967,2025-08-06 00:00:00
ALLE,65.412,2025-08-06 00:00:00
BR,63.831,2025-08-06 00:00:00
GLW,63.41,2025-08-06 00:00:00
NDAQ,63.129,2025-08-06 00:00:00
GEV,62.379,2025-08-06 00:00:00
GNRC,62.338,2025-08-06 00:00:00
URI,61.525,2025-08-06 00:00:00
WDC,61.07,2025-08-06 00:00:00
CMI,59.123,2025-08-06 00:00:00
IDXX,59.119,2025-08-06 00:00:00
EVRG,58.557,2025-08-06 00:00:00
META,58.058,2025-08-06 00:00:00
CDNS,57.909,2025-08-06 00:00:00
MAS,56.9,2025-08-06 00:00:00
LVS,56.861,2025-08-06 00:00:00
MSFT,56.721,2025-08-06 00:00:00
CBOE,55.827,2025-08-06 00:00:00
TYL,55.707,2025-08-06 00:00:00
ICE,55.304,2025-08-06 00:00:00
FFIV,55.03,2025-08-06 00:00:00
MPWR,54.332,2025-08-06 00:00:00
TER,54.233,2025-08-06 00:00:00
CBRE,54.05,2025-08-06 00:00:00
AXON,53.693,2025-08-06 00:00:00
MTCH,53.402,2025-08-06 00:00:00
GL,52.619,2025-08-06 00:00:00
SPGI,52.584,2025-08-06 00:00:00
CSX,51.925,2025-08-06 00:00:00
CSGP,50.121,2025-08-06 00:00:00
RMD,49.544,2025-08-06 00:00:00
CHRW,47.174,2025-08-06 00:00:00
ETR,46.813,2025-08-06 00:00:00
AME,46.688,2025-08-06 00:00:00
EW,44.914,2025-08-06 00:00:00
DHI,44.872,2025-08-06 00:00:00
AEP,44.077,2025-08-06 00:00:00
LH,43.416,2025-08-06 00:00:00
XYL,43.252,2025-08-06 00:00:00
VLTO,38.648,2025-08-06 00:00:00
J,38.601,2025-08-06 00:00:00
MLM,38.365,2025-08-06 00:00:00
INCY,37.374,2025-08-06 00:00:00
WTW,36.628,2025-08-06 00:00:00
MHK,36.263,2025-08-06 00:00:00
BG,36.149,2025-08-06 00:00:00
EA,34.292,2025-08-06 00:00:00
EXPD,28.591,2025-08-06 00:00:00
WST,25.773,2025-08-06 00:00:00
EBAY,68.379,2025-08-07 00:00:00
AMD,66.17,2025-08-07 00:00:00
WDC,65.38,2025-08-07 00:00:00
GLW,65.245,2025-08-07 00:00:00
ANET,64.496,2025-08-07 00:00:00
GNRC,61.605,2025-08-07 00:00:00
NCLH,60.187,2025-08-07 00:00:00
IDXX,59.559,2025-08-07 00:00:00
BR,58.071,2025-08-07 00:00:00
CMI,56.091,2025-08-07 00:00:00
META,54.532,2025-08-07 00:00:00
TYL,54.041,2025-08-07 00:00:00
TER,53.91,2025-08-07 00:00:00
AXON,53.878,2025-08-07 00:00:00
VST,53.823,2025-08-07 00:00:00
FFIV,52.402,2025-08-07 00:00:00
MPWR,51.963,2025-08-07 00:00:00
CBRE,51.924,2025-08-07 00:00:00
DUK,51.319,2025-08-07 00:00:00
EVRG,51.27,2025-08-07 00:00:00
SPGI,50.59,2025-08-07 00:00:00
AEP,50.258,2025-08-07 00:00:00
DHI,48.048,2025-08-07 00:00:00
RMD,47.985,2025-08-07 00:00:00
CDNS,47.73,2025-08-07 00:00:00
ICE,47.602,2025-08-07 00:00:00
ETR,46.973,2025-08-07 00:00:00
CSGP,46.012,2025-08-07 00:00:00
CHRW,45.963,2025-08-07 00:00:00
MSI,45.889,2025-08-07 00:00:00
MTCH,44.553,2025-08-07 00:00:00
CNP,43.336,2025-08-07 00:00:00
INCY,42.779,2025-08-07 00:00:00
XYL,42.657,2025-08-07 00:00:00
GL,42.162,2025-08-07 00:00:00
J,39.338,2025-08-07 00:00:00
MLM,39.292,2025-08-07 00:00:00
PNW,37.876,2025-08-07 00:00:00
WTW,37.814,2025-08-07 00:00:00
VLTO,36.164,2025-08-07 00:00:00
EA,35.236,2025-08-07 00:00:00
MHK,35.053,2025-08-07 00:00:00
CMS,34.281,2025-08-07 00:00:00
SRE,32.739,2025-08-07 00:00:00
DASH,70.102,2025-08-08 00:00:00
EBAY,68.652,2025-08-08 00:00:00
GLW,65.774,2025-08-08 00:00:00
WDC,65.121,2025-08-08 00:00:00
GNRC,61.916,2025-08-08 00:00:00
ANET,61.728,2025-08-08 00:00:00
IDXX,60.151,2025-08-08 00:00:00
CMI,57.54,2025-08-08 00:00:00
AMD,56.696,2025-08-08 00:00:00
BR,56.406,2025-08-08 00:00:00
META,54.769,2025-08-08 00:00:00
FFIV,54.257,2025-08-08 00:00:00
VMC,53.699,2025-08-08 00:00:00
TER,53.665,2025-08-08 00:00:00
VST,53.233,2025-08-08 00:00:00
EXPE,51.348,2025-08-08 00:00:00
CBRE,51.322,2025-08-08 00:00:00
EVRG,51.024,2025-08-08 00:00:00
AXON,51.016,2025-08-08 00:00:00
MSI,50.31,2025-08-08 00:00:00
LRCX,50.026,2025-08-08 00:00:00
CBOE,49.727,2025-08-08 00:00:00
SPGI,49.601,2025-08-08 00:00:00
RMD,48.986,2025-08-08 00:00:00
ETR,47.188,2025-08-08 00:00:00
AEP,46.628,2025-08-08 00:00:00
MPWR,46.398,2025-08-08 00:00:00
AAPL,45.766,2025-08-08 00:00:00
CHRW,45.278,2025-08-08 00:00:00
DUK,45.239,2025-08-08 00:00:00
CDNS,44.551,2025-08-08 00:00:00
MU,44.415,2025-08-08 00:00:00
ATO,43.567,2025-08-08 00:00:00
INCY,42.805,2025-08-08 00:00:00
MLM,42.427,2025-08-08 00:00:00
XYL,41.81,2025-08-08 00:00:00
EA,40.615,2025-08-08 00:00:00
GL,40.214,2025-08-08 00:00:00
J,40.179,2025-08-08 00:00:00
MTCH,39.997,2025-08-08 00:00:00
AWK,39.736,2025-08-08 00:00:00
WTW,39.423,2025-08-08 00:00:00
VLTO,36.034,2025-08-08 00:00:00
CVS,34.667,2025-08-08 00:00:00
APA,34.21,2025-08-08 00:00:00
MNST,33.503,2025-08-08 00:00:00
BDX,31.45,2025-08-08 00:00:00
HUM,26.303,2025-08-08 00:00:00
PLTR,76.614,2025-08-11 00:00:00
EBAY,68.726,2025-08-11 00:00:00
GLW,65.833,2025-08-11 00:00:00
DASH,65.217,2025-08-11 00:00:00
WDC,65.142,2025-08-11 00:00:00
GNRC,62.888,2025-08-11 00:00:00
ANET,61.447,2025-08-11 00:00:00
IDXX,60.626,2025-08-11 00:00:00
CMI,58.391,2025-08-11 00:00:00
CBOE,56.736,2025-08-11 00:00:00
RMD,54.946,2025-08-11 00:00:00
VMC,54.718,2025-08-11 00:00:00
META,53.622,2025-08-11 00:00:00
EVRG,53.543,2025-08-11 00:00:00
TER,53.251,2025-08-11 00:00:00
MSI,53.175,2025-08-11 00:00:00
FFIV,52.976,2025-08-11 00:00:00
VST,51.516,2025-08-11 00:00:00
AEP,51.44,2025-08-11 00:00:00
EXPE,50.728,2025-08-11 00:00:00
XEL,50.579,2025-08-11 00:00:00
LRCX,50.36,2025-08-11 00:00:00
CBRE,49.541,2025-08-11 00:00:00
AXON,49.418,2025-08-11 00:00:00
BR,49.144,2025-08-11 00:00:00
MO,48.795,2025-08-11 00:00:00
MU,48.755,2025-08-11 00:00:00
ETR,47.555,2025-08-11 00:00:00
ALB,47.386,2025-08-11 00:00:00
ATO,47.226,2025-08-11 00:00:00
DUK,46.684,2025-08-11 00:00:00
EA,45.921,2025-08-11 00:00:00
AAPL,45.872,2025-08-11 00:00:00
NI,45.708,2025-08-11 00:00:00
SPGI,45.179,2025-08-11 00:00:00
MPWR,45.125,2025-08-11 00:00:00
CHRW,45.063,2025-08-11 00:00:00
INCY,43.857,2025-08-11 00:00:00
TKO,43.462,2025-08-11 00:00:00
XYL,42.617,2025-08-11 00:00:00
MLM,42.436,2025-08-11 00:00:00
CDNS,41.845,2025-08-11 00:00:00
AWK,41.519,2025-08-11 00:00:00
J,40.963,2025-08-11 00:00:00
WTW,40.736,2025-08-11 00:00:00
GL,39.531,2025-08-11 00:00:00
CMS,39.143,2025-08-11 00:00:00
BDX,39.118,2025-08-11 00:00:00
MTCH,38.41,2025-08-11 00:00:00
VLTO,35.136,2025-08-11 00:00:00
CVS,35.131,2025-08-11 00:00:00
HUM,26.88,2025-08-11 00:00:00
PLTR,74.205,2025-08-12 00:00:00
EBAY,69.339,2025-08-12 00:00:00
DASH,66.997,2025-08-12 00:00:00
CMI,65.48,2025-08-12 00:00:00
WDC,65.442,2025-08-12 00:00:00
GNRC,64.201,2025-08-12 00:00:00
ANET,62.033,2025-08-12 00:00:00
MAS,60.773,2025-08-12 00:00:00
IDXX,60.518,2025-08-12 00:00:00
GLW,58.142,2025-08-12 00:00:00
META,58.09,2025-08-12 00:00:00
EXPE,57.714,2025-08-12 00:00:00
NCLH,57.16,2025-08-12 00:00:00
FFIV,56.8,2025-08-12 00:00:00
VMC,56.526,2025-08-12 00:00:00
MSI,55.928,2025-08-12 00:00:00
TPR,55.838,2025-08-12 00:00:00
CSCO,55.041,2025-08-12 00:00:00
TER,55.02,2025-08-12 00:00:00
MSFT,54.786,2025-08-12 00:00:00
LRCX,53.893,2025-08-12 00:00:00
URI,53.436,2025-08-12 00:00:00
VST,53.358,2025-08-12 00:00:00
D,53.053,2025-08-12 00:00:00
JCI,52.935,2025-08-12 00:00:00
CBOE,52.757,2025-08-12 00:00:00
EVRG,51.289,2025-08-12 00:00:00
MPWR,51.034,2025-08-12 00:00:00
MU,49.992,2025-08-12 00:00:00
BR,48.852,2025-08-12 00:00:00
ALB,48.402,2025-08-12 00:00:00
AAPL,47.899,2025-08-12 00:00:00
ATO,47.559,2025-08-12 00:00:00
EA,47.216,2025-08-12 00:00:00
ETR,46.689,2025-08-12 00:00:00
CHRW,46.341,2025-08-12 00:00:00
TKO,45.974,2025-08-12 00:00:00
MLM,45.517,2025-08-12 00:00:00
AEP,45.485,2025-08-12 00:00:00
SPGI,44.938,2025-08-12 00:00:00
PH,44.882,2025-08-12 00:00:00
MTCH,44.8,2025-08-12 00:00:00
DUK,44.449,2025-08-12 00:00:00
AXON,43.993,2025-08-12 00:00:00
XYL,42.948,2025-08-12 00:00:00
J,41.432,2025-08-12 00:00:00
BDX,41.278,2025-08-12 00:00:00
CVS,40.056,2025-08-12 00:00:00
BLDR,37.8,2025-08-12 00:00:00
TROW,37.777,2025-08-12 00:00:00
WTW,36.521,2025-08-12 00:00:00
APTV,35.883,2025-08-12 00:00:00
SYY,34.798,2025-08-12 00:00:00
APA,34.7,2025-08-12 00:00:00
EXPD,32.549,2025-08-12 00:00:00
MTD,30.139,2025-08-12 00:00:00
HII,29.337,2025-08-12 00:00:00
HUM,29.319,2025-08-12 00:00:00
PLTR,73.876,2025-08-13 00:00:00
EBAY,69.983,2025-08-13 00:00:00
CMI,67.626,2025-08-13 00:00:00
MAS,64.478,2025-08-13 00:00:00
ANET,62.247,2025-08-13 00:00:00
IDXX,61.207,2025-08-13 00:00:00
EXPE,60.844,2025-08-13 00:00:00
ALLE,59.791,2025-08-13 00:00:00
AMD,59.777,2025-08-13 00:00:00
WDC,59.749,2025-08-13 00:00:00
DASH,59.667,2025-08-13 00:00:00
TPR,59.617,2025-08-13 00:00:00
GNRC,59.461,2025-08-13 00:00:00
NCLH,58.809,2025-08-13 00:00:00
SYF,58.365,2025-08-13 00:00:00
VMC,57.864,2025-08-13 00:00:00
GLW,56.952,2025-08-13 00:00:00
URI,56.748,2025-08-13 00:00:00
META,56.428,2025-08-13 00:00:00
FFIV,56.422,2025-08-13 00:00:00
LRCX,55.408,2025-08-13 00:00:00
PSKY,55.348,2025-08-13 00:00:00
RMD,55.24,2025-08-13 00:00:00
MSI,55.17,2025-08-13 00:00:00
CSCO,54.854,2025-08-13 00:00:00
D,54.542,2025-08-13 00:00:00
JNJ,52.646,2025-08-13 00:00:00
BR,52.607,2025-08-13 00:00:00
EVRG,50.689,2025-08-13 00:00:00
PH,50.578,2025-08-13 00:00:00
AAPL,50.134,2025-08-13 00:00:00
MTCH,49.579,2025-08-13 00:00:00
ALB,49.153,2025-08-13 00:00:00
FOXA,49.048,2025-08-13 00:00:00
PPL,48.986,2025-08-13 00:00:00
TKO,48.275,2025-08-13 00:00:00
ATO,48.086,2025-08-13 00:00:00
TER,48.074,2025-08-13 00:00:00
BLDR,47.874,2025-08-13 00:00:00
MPWR,47.442,2025-08-13 00:00:00
CHRW,47.274,2025-08-13 00:00:00
J,47.098,2025-08-13 00:00:00
EA,46.705,2025-08-13 00:00:00
MLM,46.394,2025-08-13 00:00:00
SPGI,45.658,2025-08-13 00:00:00
TROW,44.339,2025-08-13 00:00:00
DUK,44.269,2025-08-13 00:00:00
LOW,44.238,2025-08-13 00:00:00
XYL,43.696,2025-08-13 00:00:00
MU,43.279,2025-08-13 00:00:00
INCY,42.003,2025-08-13 00:00:00
APTV,41.946,2025-08-13 00:00:00
BDX,41.915,2025-08-13 00:00:00
MHK,40.456,2025-08-13 00:00:00
PFE,39.277,2025-08-13 00:00:00
ADM,37.621,2025-08-13 00:00:00
WTW,37.349,2025-08-13 00:00:00
SPG,37.222,2025-08-13 00:00:00
LDOS,36.979,2025-08-13 00:00:00
APA,36.283,2025-08-13 00:00:00
DD,33.723,2025-08-13 00:00:00
HII,33.647,2025-08-13 00:00:00
SYY,31.786,2025-08-13 00:00:00
MTD,31.723,2025-08-13 00:00:00
BIIB,23.943,2025-08-13 00:00:00
GPN,19.02,2025-08-13 00:00:00
PLTR,73.525,2025-08-14 00:00:00
C,69.315,2025-08-14 00:00:00
CMI,68.905,2025-08-14 00:00:00
KEY,67.103,2025-08-14 00:00:00
RF,65.772,2025-08-14 00:00:00
MAS,63.338,2025-08-14 00:00:00
EXPE,62.823,2025-08-14 00:00:00
EBAY,61.868,2025-08-14 00:00:00
ANET,61.49,2025-08-14 00:00:00
IDXX,60.718,2025-08-14 00:00:00
SYF,60.388,2025-08-14 00:00:00
AMD,59.845,2025-08-14 00:00:00
NSC,56.385,2025-08-14 00:00:00
GLW,55.874,2025-08-14 00:00:00
LRCX,55.817,2025-08-14 00:00:00
PSKY,54.31,2025-08-14 00:00:00
URI,52.73,2025-08-14 00:00:00
FOXA,52.313,2025-08-14 00:00:00
MTCH,51.14,2025-08-14 00:00:00
BR,50.52,2025-08-14 00:00:00
RMD,50.041,2025-08-14 00:00:00
PPL,50.029,2025-08-14 00:00:00
AAPL,50.002,2025-08-14 00:00:00
TKO,48.515,2025-08-14 00:00:00
ALB,48.203,2025-08-14 00:00:00
EA,47.709,2025-08-14 00:00:00
MPWR,46.957,2025-08-14 00:00:00
BLDR,45.62,2025-08-14 00:00:00
LOW,44.929,2025-08-14 00:00:00
EVRG,44.881,2025-08-14 00:00:00
MSI,44.35,2025-08-14 00:00:00
J,44.029,2025-08-14 00:00:00
MU,43.896,2025-08-14 00:00:00
APTV,41.879,2025-08-14 00:00:00
BDX,41.571,2025-08-14 00:00:00
PFE,40.878,2025-08-14 00:00:00
MLM,40.201,2025-08-14 00:00:00
MHK,39.926,2025-08-14 00:00:00
CHRW,39.201,2025-08-14 00:00:00
SPG,39.117,2025-08-14 00:00:00
INTC,38.97,2025-08-14 00:00:00
SPGI,38.313,2025-08-14 00:00:00
ADM,38.207,2025-08-14 00:00:00
DUK,36.977,2025-08-14 00:00:00
LDOS,36.197,2025-08-14 00:00:00
DD,34.36,2025-08-14 00:00:00
WTW,34.25,2025-08-14 00:00:00
APA,33.148,2025-08-14 00:00:00
GPN,23.166,2025-08-14 00:00:00
WST,19.925,2025-08-14 00:00:00
PLTR,76.371,2025-08-15 00:00:00
RF,69.853,2025-08-15 00:00:00
CMI,68.43,2025-08-15 00:00:00
C,67.275,2025-08-15 00:00:00
KEY,66.233,2025-08-15 00:00:00
EXPE,63.686,2025-08-15 00:00:00
MAS,63.05,2025-08-15 00:00:00
EBAY,62.436,2025-08-15 00:00:00
ANET,60.862,2025-08-15 00:00:00
NSC,60.293,2025-08-15 00:00:00
IDXX,59.836,2025-08-15 00:00:00
AMD,59.438,2025-08-15 00:00:00
GLW,55.44,2025-08-15 00:00:00
ALB,53.032,2025-08-15 00:00:00
PSKY,53.005,2025-08-15 00:00:00
BR,51.713,2025-08-15 00:00:00
MTCH,51.52,2025-08-15 00:00:00
AAPL,49.253,2025-08-15 00:00:00
EA,48.966,2025-08-15 00:00:00
RMD,48.498,2025-08-15 00:00:00
PPL,48.037,2025-08-15 00:00:00
TKO,47.823,2025-08-15 00:00:00
INCY,47.729,2025-08-15 00:00:00
FFIV,47.509,2025-08-15 00:00:00
PH,47.206,2025-08-15 00:00:00
INTC,46.543,2025-08-15 00:00:00
LOW,44.855,2025-08-15 00:00:00
MSI,44.447,2025-08-15 00:00:00
J,43.812,2025-08-15 00:00:00
LRCX,43.339,2025-08-15 00:00:00
MU,42.543,2025-08-15 00:00:00
APTV,42.416,2025-08-15 00:00:00
BDX,41.48,2025-08-15 00:00:00
SPG,41.065,2025-08-15 00:00:00
LEN,40.8,2025-08-15 00:00:00
ADM,39.587,2025-08-15 00:00:00
MLM,38.665,2025-08-15 00:00:00
MHK,38.537,2025-08-15 00:00:00
MPWR,36.952,2025-08-15 00:00:00
PFE,35.917,2025-08-15 00:00:00
LDOS,35.843,2025-08-15 00:00:00
APA,34.992,2025-08-15 00:00:00
DD,34.488,2025-08-15 00:00:00
WTW,33.629,2025-08-15 00:00:00
GPN,24.882,2025-08-15 00:00:00
WST,21.541,2025-08-15 00:00:00
PLTR,73.188,2025-08-18 00:00:00
CMI,68.336,2025-08-18 00:00:00
C,66.815,2025-08-18 00:00:00
EXPE,63.678,2025-08-18 00:00:00
EBAY,60.542,2025-08-18 00:00:00
ANET,60.202,2025-08-18 00:00:00
GLW,53.084,2025-08-18 00:00:00
ALB,53.077,2025-08-18 00:00:00
MTCH,50.816,2025-08-18 00:00:00
BR,50.389,2025-08-18 00:00:00
UBER,49.519,2025-08-18 00:00:00
PSKY,48.843,2025-08-18 00:00:00
AAPL,48.394,2025-08-18 00:00:00
INTC,47.245,2025-08-18 00:00:00
TKO,47.009,2025-08-18 00:00:00
DAY,46.832,2025-08-18 00:00:00
PH,46.447,2025-08-18 00:00:00
EA,44.839,2025-08-18 00:00:00
AXON,43.671,2025-08-18 00:00:00
MU,43.169,2025-08-18 00:00:00
MSI,42.912,2025-08-18 00:00:00
LOW,42.658,2025-08-18 00:00:00
INCY,42.569,2025-08-18 00:00:00
J,41.844,2025-08-18 00:00:00
LEN,41.307,2025-08-18 00:00:00
BDX,40.582,2025-08-18 00:00:00
ADM,40.524,2025-08-18 00:00:00
APTV,38.448,2025-08-18 00:00:00
PFE,35.358,2025-08-18 00:00:00
APA,35.263,2025-08-18 00:00:00
MHK,32.688,2025-08-18 00:00:00
DD,32.68,2025-08-18 00:00:00
GPN,25.643,2025-08-18 00:00:00
RF,68.908,2025-08-19 00:00:00
CSX,68.158,2025-08-19 00:00:00
CMI,65.445,2025-08-19 00:00:00
C,64.96,2025-08-19 00:00:00
EXPE,63.961,2025-08-19 00:00:00
ANET,57.817,2025-08-19 00:00:00
INTC,52.689,2025-08-19 00:00:00
ALB,52.575,2025-08-19 00:00:00
GLW,51.388,2025-08-19 00:00:00
PSKY,51.386,2025-08-19 00:00:00
GEN,50.366,2025-08-19 00:00:00
MTCH,48.925,2025-08-19 00:00:00
PH,48.188,2025-08-19 00:00:00
AAPL,48.058,2025-08-19 00:00:00
TKO,47.3,2025-08-19 00:00:00
LOW,46.27,2025-08-19 00:00:00
PPL,45.917,2025-08-19 00:00:00
EA,44.468,2025-08-19 00:00:00
MSI,44.038,2025-08-19 00:00:00
INCY,43.694,2025-08-19 00:00:00
LEN,42.31,2025-08-19 00:00:00
HD,42.192,2025-08-19 00:00:00
NWS,41.549,2025-08-19 00:00:00
BDX,41.467,2025-08-19 00:00:00
LRCX,41.182,2025-08-19 00:00:00
ATO,40.649,2025-08-19 00:00:00
DAY,39.632,2025-08-19 00:00:00
MHK,37.733,2025-08-19 00:00:00
APA,33.689,2025-08-19 00:00:00
WST,30.613,2025-08-19 00:00:00
GPN,25.002,2025-08-19 00:00:00
ZBRA,24.329,2025-08-19 00:00:00
RF,70.538,2025-08-20 00:00:00
EXPE,63.626,2025-08-20 00:00:00
EBAY,60.223,2025-08-20 00:00:00
CMI,58.241,2025-08-20 00:00:00
KEY,58.023,2025-08-20 00:00:00
PSKY,56.959,2025-08-20 00:00:00
ROK,56.852,2025-08-20 00:00:00
RMD,53.445,2025-08-20 00:00:00
LOW,53.369,2025-08-20 00:00:00
ALB,51.637,2025-08-20 00:00:00
INTC,51.133,2025-08-20 00:00:00
GEN,50.54,2025-08-20 00:00:00
TJX,49.582,2025-08-20 00:00:00
MDT,48.634,2025-08-20 00:00:00
INCY,48.301,2025-08-20 00:00:00
PH,47.894,2025-08-20 00:00:00
PPL,47.015,2025-08-20 00:00:00
TKO,45.247,2025-08-20 00:00:00
NXPI,44.039,2025-08-20 00:00:00
AAPL,43.473,2025-08-20 00:00:00
HD,41.506,2025-08-20 00:00:00
LRCX,40.952,2025-08-20 00:00:00
LEN,40.745,2025-08-20 00:00:00
DAY,40.364,2025-08-20 00:00:00
MSI,39.974,2025-08-20 00:00:00
EA,39.602,2025-08-20 00:00:00
ATO,39.384,2025-08-20 00:00:00
WST,36.023,2025-08-20 00:00:00
FRT,34.037,2025-08-20 00:00:00
APA,33.473,2025-08-20 00:00:00
MHK,30.712,2025-08-20 00:00:00
RF,70.658,2025-08-21 00:00:00
PSKY,63.479,2025-08-21 00:00:00
EXPE,60.414,2025-08-21 00:00:00
EBAY,59.385,2025-08-21 00:00:00
DHI,57.998,2025-08-21 00:00:00
ALB,57.747,2025-08-21 00:00:00
KEY,57.525,2025-08-21 00:00:00
FSLR,55.417,2025-08-21 00:00:00
ADI,54.517,2025-08-21 00:00:00
RMD,53.31,2025-08-21 00:00:00
LOW,52.389,2025-08-21 00:00:00
INTC,50.278,2025-08-21 00:00:00
DAY,46.615,2025-08-21 00:00:00
TJX,44.464,2025-08-21 00:00:00
TKO,44.443,2025-08-21 00:00:00
LEN,43.956,2025-08-21 00:00:00
MSI,43.123,2025-08-21 00:00:00
NXPI,41.245,2025-08-21 00:00:00
CHRW,39.502,2025-08-21 00:00:00
EA,39.212,2025-08-21 00:00:00
HD,36.013,2025-08-21 00:00:00
RF,76.067,2025-08-22 00:00:00
CAT,67.919,2025-08-22 00:00:00
DHI,66.612,2025-08-22 00:00:00
C,65.438,2025-08-22 00:00:00
KEY,63.354,2025-08-22 00:00:00
PHM,61.559,2025-08-22 00:00:00
EXPE,60.494,2025-08-22 00:00:00
PSKY,60.107,2025-08-22 00:00:00
FSLR,59.855,2025-08-22 00:00:00
LNT,59.54,2025-08-22 00:00:00
EBAY,59.481,2025-08-22 00:00:00
WBD,57.845,2025-08-22 00:00:00
ADI,56.872,2025-08-22 00:00:00
LOW,55.839,2025-08-22 00:00:00
RMD,55.42,2025-08-22 00:00:00
ALB,54.561,2025-08-22 00:00:00
INTC,53.63,2025-08-22 00:00:00
DAY,53.263,2025-08-22 00:00:00
INCY,52.141,2025-08-22 00:00:00
COIN,48.271,2025-08-22 00:00:00
SHW,47.583,2025-08-22 00:00:00
TJX,47.553,2025-08-22 00:00:00
NXPI,46.325,2025-08-22 00:00:00
HD,45.727,2025-08-22 00:00:00
ADM,45.178,2025-08-22 00:00:00
TKO,44.039,2025-08-22 00:00:00
LEN,43.791,2025-08-22 00:00:00
PKG,43.211,2025-08-22 00:00:00
CHRW,42.6,2025-08-22 00:00:00
MHK,41.587,2025-08-22 00:00:00
EA,35.893,2025-08-22 00:00:00
SW,32.009,2025-08-22 00:00:00
RF,76.701,2025-08-25 00:00:00
CAT,67.376,2025-08-25 00:00:00
DHI,67.178,2025-08-25 00:00:00
FSLR,64.507,2025-08-25 00:00:00
KEY,64.496,2025-08-25 00:00:00
PSKY,60.986,2025-08-25 00:00:00
EXPE,60.865,2025-08-25 00:00:00
PHM,59.401,2025-08-25 00:00:00
WBD,58.753,2025-08-25 00:00:00
ADI,57.221,2025-08-25 00:00:00
BG,55.888,2025-08-25 00:00:00
INTC,54.516,2025-08-25 00:00:00
LOW,53.93,2025-08-25 00:00:00
DAY,53.632,2025-08-25 00:00:00
CHRW,53.044,2025-08-25 00:00:00
VICI,49.214,2025-08-25 00:00:00
ADM,46.231,2025-08-25 00:00:00
HD,45.751,2025-08-25 00:00:00
NXPI,45.605,2025-08-25 00:00:00
LEN,44.395,2025-08-25 00:00:00
PKG,43.454,2025-08-25 00:00:00
TJX,42.114,2025-08-25 00:00:00
MHK,42.109,2025-08-25 00:00:00
SW,35.199,2025-08-25 00:00:00
RF,77.528,2025-08-26 00:00:00
CAT,67.456,2025-08-26 00:00:00
KEY,65.199,2025-08-26 00:00:00
DHI,63.234,2025-08-26 00:00:00
WYNN,63.027,2025-08-26 00:00:00
FSLR,62.58,2025-08-26 00:00:00
PSKY,60.577,2025-08-26 00:00:00
PHM,58.81,2025-08-26 00:00:00
ADI,56.392,2025-08-26 00:00:00
WBD,55.76,2025-08-26 00:00:00
INTC,54.94,2025-08-26 00:00:00
CHRW,54.035,2025-08-26 00:00:00
ADM,53.316,2025-08-26 00:00:00
DAY,52.552,2025-08-26 00:00:00
ALB,48.653,2025-08-26 00:00:00
LOW,48.454,2025-08-26 00:00:00
NDSN,48.197,2025-08-26 00:00:00
INCY,48.037,2025-08-26 00:00:00
BG,43.618,2025-08-26 00:00:00
TJX,43.099,2025-08-26 00:00:00
HD,40.863,2025-08-26 00:00:00
ITW,40.149,2025-08-26 00:00:00
MHK,39.869,2025-08-26 00:00:00
LEN,38.668,2025-08-26 00:00:00
PKG,38.378,2025-08-26 00:00:00
SW,36.115,2025-08-26 00:00:00
BBY,34.039,2025-08-26 00:00:00
RF,77.141,2025-08-27 00:00:00
WYNN,67.203,2025-08-27 00:00:00
CAT,66.358,2025-08-27 00:00:00
KEY,64.864,2025-08-27 00:00:00
VICI,64.524,2025-08-27 00:00:00
CHRW,60.367,2025-08-27 00:00:00
DAY,56.119,2025-08-27 00:00:00
INTC,55.379,2025-08-27 00:00:00
ADI,55.287,2025-08-27 00:00:00
ALB,54.634,2025-08-27 00:00:00
FSLR,52.79,2025-08-27 00:00:00
ADM,47.4,2025-08-27 00:00:00
TJX,42.544,2025-08-27 00:00:00
PKG,37.538,2025-08-27 00:00:00
SW,34.574,2025-08-27 00:00:00
BBY,34.573,2025-08-27 00:00:00
NTAP,33.821,2025-08-27 00:00:00
RF,76.328,2025-08-28 00:00:00
GLW,72.072,2025-08-28 00:00:00
CHRW,70.375,2025-08-28 00:00:00
WYNN,68.183,2025-08-28 00:00:00
VICI,64.734,2025-08-28 00:00:00
KEY,63.846,2025-08-28 00:00:00
DHI,60.323,2025-08-28 00:00:00
TPR,57.758,2025-08-28 00:00:00
DAY,56.702,2025-08-28 00:00:00
ADI,55.501,2025-08-28 00:00:00
FSLR,54.542,2025-08-28 00:00:00
ALB,53.158,2025-08-28 00:00:00
ADM,52.187,2025-08-28 00:00:00
INTC,47.31,2025-08-28 00:00:00
NDSN,46.156,2025-08-28 00:00:00
TJX,43.556,2025-08-28 00:00:00
NTAP,43.525,2025-08-28 00:00:00
EL,42.948,2025-08-28 00:00:00
PKG,42.639,2025-08-28 00:00:00
LEN,34.599,2025-08-28 00:00:00
SW,32.354,2025-08-28 00:00:00
HPQ,26.216,2025-08-28 00:00:00
RF,77.636,2025-08-29 00:00:00
WYNN,68.769,2025-08-29 00:00:00
CHRW,67.38,2025-08-29 00:00:00
GLW,66.968,2025-08-29 00:00:00
VICI,65.882,2025-08-29 00:00:00
KEY,64.598,2025-08-29 00:00:00
DAY,56.829,2025-08-29 00:00:00
ADI,55.022,2025-08-29 00:00:00
ADM,51.633,2025-08-29 00:00:00
PH,49.165,2025-08-29 00:00:00
NDSN,46.912,2025-08-29 00:00:00
PKG,44.061,2025-08-29 00:00:00
TJX,43.183,2025-08-29 00:00:00
ADSK,41.738,2025-08-29 00:00:00
LOW,41.477,2025-08-29 00:00:00
NTAP,37.223,2025-08-29 00:00:00
SW,34.539,2025-08-29 00:00:00
HPQ,30.115,2025-08-29 00:00:00
BBY,25.481,2025-08-29 00:00:00
RF,76.999,2025-09-02 00:00:00
GLW,73.934,2025-09-02 00:00:00
CHRW,66.934,2025-09-02 00:00:00
VICI,64.743,2025-09-02 00:00:00
KEY,62.822,2025-09-02 00:00:00
WYNN,60.282,2025-09-02 00:00:00
HPE,52.979,2025-09-02 00:00:00
ADM,50.923,2025-09-02 00:00:00
ADI,49.478,2025-09-02 00:00:00
TJX,48.73,2025-09-02 00:00:00
DAY,48.53,2025-09-02 00:00:00
ADSK,46.879,2025-09-02 00:00:00
SPG,46.274,2025-09-02 00:00:00
ULTA,45.123,2025-09-02 00:00:00
PKG,44.168,2025-09-02 00:00:00
INTC,42.932,2025-09-02 00:00:00
AIZ,42.897,2025-09-02 00:00:00
PH,42.593,2025-09-02 00:00:00
ROST,41.328,2025-09-02 00:00:00
MSI,40.885,2025-09-02 00:00:00
LOW,40.82,2025-09-02 00:00:00
HPQ,38.623,2025-09-02 00:00:00
HD,37.151,2025-09-02 00:00:00
NTAP,35.69,2025-09-02 00:00:00
SW,33.912,2025-09-02 00:00:00
BBY,25.544,2025-09-02 00:00:00
GOOGL,77.049,2025-09-03 00:00:00
RF,76.454,2025-09-03 00:00:00
GOOG,76.164,2025-09-03 00:00:00
GLW,73.085,2025-09-03 00:00:00
CHRW,66.449,2025-09-03 00:00:00
VICI,63.566,2025-09-03 00:00:00
KEY,62.226,2025-09-03 00:00:00
HPE,55.941,2025-09-03 00:00:00
TJX,55.317,2025-09-03 00:00:00
WYNN,54.483,2025-09-03 00:00:00
ADM,49.335,2025-09-03 00:00:00
DAY,48.66,2025-09-03 00:00:00
ADI,46.736,2025-09-03 00:00:00
ULTA,45.744,2025-09-03 00:00:00
SPG,45.43,2025-09-03 00:00:00
PKG,41.3,2025-09-03 00:00:00
ADSK,40.236,2025-09-03 00:00:00
FOX,39.79,2025-09-03 00:00:00
MSI,39.086,2025-09-03 00:00:00
HPQ,33.903,2025-09-03 00:00:00
SW,32.781,2025-09-03 00:00:00
NTAP,27.272,2025-09-03 00:00:00
A,25.713,2025-09-03 00:00:00
WDC,78.322,2025-09-04 00:00:00
RF,78.115,2025-09-04 00:00:00
GLW,74.753,2025-09-04 00:00:00
CHRW,71.383,2025-09-04 00:00:00
GOOGL,65.697,2025-09-04 00:00:00
HPE,65.016,2025-09-04 00:00:00
GOOG,64.827,2025-09-04 00:00:00
KEY,63.01,2025-09-04 00:00:00
WYNN,53.402,2025-09-04 00:00:00
SPG,51.68,2025-09-04 00:00:00
GRMN,49.454,2025-09-04 00:00:00
ULTA,47.798,2025-09-04 00:00:00
DAY,47.093,2025-09-04 00:00:00
ROST,46.056,2025-09-04 00:00:00
PKG,42.66,2025-09-04 00:00:00
ADSK,41.912,2025-09-04 00:00:00
HPQ,40.956,2025-09-04 00:00:00
FOX,40.388,2025-09-04 00:00:00
NTAP,35.857,2025-09-04 00:00:00
BBY,29.817,2025-09-04 00:00:00
A,28.51,2025-09-04 00:00:00
WDC,80.399,2025-09-05 00:00:00
GLW,77.602,2025-09-05 00:00:00
RF,77.561,2025-09-05 00:00:00
GOOGL,67.631,2025-09-05 00:00:00
CBRE,66.428,2025-09-05 00:00:00
GOOG,66.384,2025-09-05 00:00:00
CHRW,65.89,2025-09-05 00:00:00
HPE,65.288,2025-09-05 00:00:00
WBD,63.156,2025-09-05 00:00:00
WSM,62.689,2025-09-05 00:00:00
KEY,62.347,2025-09-05 00:00:00
SPG,53.782,2025-09-05 00:00:00
WYNN,52.383,2025-09-05 00:00:00
TFC,51.825,2025-09-05 00:00:00
AVGO,50.473,2025-09-05 00:00:00
GRMN,50.203,2025-09-05 00:00:00
FOX,49.491,2025-09-05 00:00:00
HPQ,44.484,2025-09-05 00:00:00
ADSK,43.558,2025-09-05 00:00:00
GPC,40.815,2025-09-05 00:00:00
NTAP,36.611,2025-09-05 00:00:00
SWK,35.928,2025-09-05 00:00:00
PKG,35.735,2025-09-05 00:00:00
A,29.702,2025-09-05 00:00:00
GLW,78.893,2025-09-08 00:00:00
WDC,78.151,2025-09-08 00:00:00
RF,71.797,2025-09-08 00:00:00
GOOGL,67.405,2025-09-08 00:00:00
GOOG,66.336,2025-09-08 00:00:00
WBD,63.292,2025-09-08 00:00:00
HPE,60.203,2025-09-08 00:00:00
AVGO,53.306,2025-09-08 00:00:00
FOX,52.652,2025-09-08 00:00:00
MSI,52.634,2025-09-08 00:00:00
SPG,50.681,2025-09-08 00:00:00
BXP,48.524,2025-09-08 00:00:00
WYNN,47.615,2025-09-08 00:00:00
ADSK,44.781,2025-09-08 00:00:00
HPQ,39.389,2025-09-08 00:00:00
NTAP,39.07,2025-09-08 00:00:00
BBY,33.923,2025-09-08 00:00:00
SWK,31.454,2025-09-08 00:00:00
A,24.426,2025-09-08 00:00:00
GLW,79.02,2025-09-09 00:00:00
WDC,78.429,2025-09-09 00:00:00
GOOGL,68.209,2025-09-09 00:00:00
GOOG,66.959,2025-09-09 00:00:00
NCLH,64.377,2025-09-09 00:00:00
HPE,59.069,2025-09-09 00:00:00
AVGO,58.646,2025-09-09 00:00:00
WSM,54.07,2025-09-09 00:00:00
MSI,52.245,2025-09-09 00:00:00
GRMN,50.453,2025-09-09 00:00:00
SPG,50.184,2025-09-09 00:00:00
ADSK,44.843,2025-09-09 00:00:00
WYNN,42.762,2025-09-09 00:00:00
NTAP,40.093,2025-09-09 00:00:00
HPQ,39.065,2025-09-09 00:00:00
BBY,33.889,2025-09-09 00:00:00
A,27.606,2025-09-09 00:00:00
BIIB,22.731,2025-09-09 00:00:00
GLW,80.559,2025-09-10 00:00:00
WDC,78.939,2025-09-10 00:00:00
WBD,71.624,2025-09-10 00:00:00
GOOGL,68.597,2025-09-10 00:00:00
ORCL,68.123,2025-09-10 00:00:00
GOOG,67.248,2025-09-10 00:00:00
HPE,65.762,2025-09-10 00:00:00
STX,64.523,2025-09-10 00:00:00
AVGO,62.737,2025-09-10 00:00:00
NCLH,60.356,2025-09-10 00:00:00
SPG,50.349,2025-09-10 00:00:00
WYNN,47.082,2025-09-10 00:00:00
ADSK,44.814,2025-09-10 00:00:00
HPQ,42.518,2025-09-10 00:00:00
NTAP,41.685,2025-09-10 00:00:00
BBY,34.268,2025-09-10 00:00:00
BIIB,30.497,2025-09-10 00:00:00
A,25.897,2025-09-10 00:00:00
GLW,86.154,2025-09-11 00:00:00
WDC,78.912,2025-09-11 00:00:00
WBD,74.771,2025-09-11 00:00:00
ANET,73.735,2025-09-11 00:00:00
GOOGL,69.086,2025-09-11 00:00:00
GOOG,67.934,2025-09-11 00:00:00
NCLH,67.614,2025-09-11 00:00:00
HPE,67.099,2025-09-11 00:00:00
STX,65.283,2025-09-11 00:00:00
AVGO,63.554,2025-09-11 00:00:00
APH,61.319,2025-09-11 00:00:00
ORCL,60.423,2025-09-11 00:00:00
MU,57.925,2025-09-11 00:00:00
SPG,57.793,2025-09-11 00:00:00
GRMN,50.825,2025-09-11 00:00:00
HD,49.302,2025-09-11 00:00:00
BXP,48.791,2025-09-11 00:00:00
CVS,47.365,2025-09-11 00:00:00
GPC,46.145,2025-09-11 00:00:00
ADSK,44.727,2025-09-11 00:00:00
NTAP,40.879,2025-09-11 00:00:00
HPQ,40.221,2025-09-11 00:00:00
BIIB,39.169,2025-09-11 00:00:00
BBY,38.163,2025-09-11 00:00:00
CPB,34.414,2025-09-11 00:00:00
A,26.496,2025-09-11 00:00:00
GLW,86.652,2025-09-12 00:00:00
WDC,79.232,2025-09-12 00:00:00
STX,73.512,2025-09-12 00:00:00
WBD,69.996,2025-09-12 00:00:00
GOOGL,68.821,2025-09-12 00:00:00
ANET,67.541,2025-09-12 00:00:00
GOOG,67.529,2025-09-12 00:00:00
NCLH,66.628,2025-09-12 00:00:00
HPE,66.331,2025-09-12 00:00:00
AVGO,65.095,2025-09-12 00:00:00
MU,60.764,2025-09-12 00:00:00
APH,60.106,2025-09-12 00:00:00
ORCL,59.935,2025-09-12 00:00:00
CVS,54.545,2025-09-12 00:00:00
SPG,53.897,2025-09-12 00:00:00
HD,51.035,2025-09-12 00:00:00
BXP,48.121,2025-09-12 00:00:00
GPC,46.224,2025-09-12 00:00:00
ADSK,42.217,2025-09-12 00:00:00
SWK,37.813,2025-09-12 00:00:00
PCG,37.186,2025-09-12 00:00:00
SRE,34.58,2025-09-12 00:00:00
CPB,33.416,2025-09-12 00:00:00
NTAP,33.12,2025-09-12 00:00:00
BIIB,30.977,2025-09-12 00:00:00
GLW,86.859,2025-09-15 00:00:00
WDC,80.313,2025-09-15 00:00:00
HPE,77.158,2025-09-15 00:00:00
STX,76.144,2025-09-15 00:00:00
GOOGL,70.37,2025-09-15 00:00:00
ANET,68.834,2025-09-15 00:00:00
GOOG,68.832,2025-09-15 00:00:00
WBD,67.036,2025-09-15 00:00:00
NEM,65.75,2025-09-15 00:00:00
LYV,65.67,2025-09-15 00:00:00
AVGO,65.271,2025-09-15 00:00:00
TSLA,64.157,2025-09-15 00:00:00
APH,61.702,2025-09-15 00:00:00
HD,61.606,2025-09-15 00:00:00
NCLH,61.283,2025-09-15 00:00:00
MU,61.261,2025-09-15 00:00:00
ORCL,60.185,2025-09-15 00:00:00
GEV,51.763,2025-09-15 00:00:00
BXP,50.756,2025-09-15 00:00:00
SPG,50.641,2025-09-15 00:00:00
NTAP,39.668,2025-09-15 00:00:00
SWK,39.284,2025-09-15 00:00:00
ULTA,37.797,2025-09-15 00:00:00
BIIB,30.426,2025-09-15 00:00:00
DELL,25.353,2025-09-15 00:00:00
GLW,87.497,2025-09-16 00:00:00
WDC,80.946,2025-09-16 00:00:00
STX,77.412,2025-09-16 00:00:00
NCLH,72.038,2025-09-16 00:00:00
GOOGL,70.563,2025-09-16 00:00:00
HPE,70.389,2025-09-16 00:00:00
GOOG,69.422,2025-09-16 00:00:00
LOW,68.385,2025-09-16 00:00:00
WBD,67.158,2025-09-16 00:00:00
ANET,66.595,2025-09-16 00:00:00
LYV,66.109,2025-09-16 00:00:00
TSLA,65.788,2025-09-16 00:00:00
AVGO,65.633,2025-09-16 00:00:00
COIN,63.991,2025-09-16 00:00:00
ORLY,62.826,2025-09-16 00:00:00
MU,62.104,2025-09-16 00:00:00
HD,61.953,2025-09-16 00:00:00
APH,61.844,2025-09-16 00:00:00
ORCL,61.324,2025-09-16 00:00:00
TKO,59.251,2025-09-16 00:00:00
MS,55.549,2025-09-16 00:00:00
BXP,54.174,2025-09-16 00:00:00
SPG,48.321,2025-09-16 00:00:00
GPC,46.578,2025-09-16 00:00:00
NWSA,43.606,2025-09-16 00:00:00
SWK,39.724,2025-09-16 00:00:00
NTAP,37.593,2025-09-16 00:00:00
AAPL,36.442,2025-09-16 00:00:00
CPB,33.29,2025-09-16 00:00:00
APA,28.881,2025-09-16 00:00:00
BIIB,26.522,2025-09-16 00:00:00
GLW,86.469,2025-09-17 00:00:00
WDC,80.014,2025-09-17 00:00:00
CHRW,76.361,2025-09-17 00:00:00
HPE,70.66,2025-09-17 00:00:00
STX,69.958,2025-09-17 00:00:00
WBD,67.012,2025-09-17 00:00:00
TSLA,66.527,2025-09-17 00:00:00
AVGO,66.348,2025-09-17 00:00:00
ANET,66.228,2025-09-17 00:00:00
LOW,65.925,2025-09-17 00:00:00
LYV,65.864,2025-09-17 00:00:00
HD,65.088,2025-09-17 00:00:00
NEM,64.104,2025-09-17 00:00:00
GOOGL,63.831,2025-09-17 00:00:00
MU,62.954,2025-09-17 00:00:00
GOOG,62.362,2025-09-17 00:00:00
ORCL,62.272,2025-09-17 00:00:00
APH,61.11,2025-09-17 00:00:00
TKO,59.538,2025-09-17 00:00:00
MS,56.6,2025-09-17 00:00:00
BXP,49.988,2025-09-17 00:00:00
SPG,47.763,2025-09-17 00:00:00
SWK,46.647,2025-09-17 00:00:00
GPC,45.504,2025-09-17 00:00:00
SMCI,43.981,2025-09-17 00:00:00
APA,33.342,2025-09-17 00:00:00
NTAP,33.303,2025-09-17 00:00:00
DELL,27.827,2025-09-17 00:00:00
BIIB,25.797,2025-09-17 00:00:00
GLW,87.183,2025-09-18 00:00:00
CHRW,78.541,2025-09-18 00:00:00
WDC,76.048,2025-09-18 00:00:00
HPE,71.33,2025-09-18 00:00:00
STX,69.336,2025-09-18 00:00:00
WBD,67.408,2025-09-18 00:00:00
TSLA,67.332,2025-09-18 00:00:00
MU,65.205,2025-09-18 00:00:00
AVGO,64.976,2025-09-18 00:00:00
NEM,63.696,2025-09-18 00:00:00
GOOGL,63.636,2025-09-18 00:00:00
APH,63.495,2025-09-18 00:00:00
ORCL,62.765,2025-09-18 00:00:00
TKO,59.168,2025-09-18 00:00:00
LRCX,57.489,2025-09-18 00:00:00
MS,56.941,2025-09-18 00:00:00
ANET,53.994,2025-09-18 00:00:00
BXP,49.823,2025-09-18 00:00:00
SWK,45.857,2025-09-18 00:00:00
SMCI,43.75,2025-09-18 00:00:00
CDNS,41.711,2025-09-18 00:00:00
NTAP,39.071,2025-09-18 00:00:00
SWKS,33.174,2025-09-18 00:00:00
BIIB,25.198,2025-09-18 00:00:00
HOLX,20.853,2025-09-18 00:00:00
GLW,87.057,2025-09-19 00:00:00
CHRW,79.992,2025-09-19 00:00:00
WDC,74.988,2025-09-19 00:00:00
BX,71.769,2025-09-19 00:00:00
INTC,70.189,2025-09-19 00:00:00
TSLA,69.697,2025-09-19 00:00:00
WBD,69.6,2025-09-19 00:00:00
NEM,66.189,2025-09-19 00:00:00
STX,66.103,2025-09-19 00:00:00
APH,65.543,2025-09-19 00:00:00
GOOGL,64.061,2025-09-19 00:00:00
ORCL,63.656,2025-09-19 00:00:00
GOOG,63.418,2025-09-19 00:00:00
LRCX,61.324,2025-09-19 00:00:00
MS,58.294,2025-09-19 00:00:00
AMD,57.885,2025-09-19 00:00:00
MU,57.142,2025-09-19 00:00:00
AVGO,55.099,2025-09-19 00:00:00
TKO,53.983,2025-09-19 00:00:00
USB,52.222,2025-09-19 00:00:00
ANET,51.01,2025-09-19 00:00:00
JPM,49.972,2025-09-19 00:00:00
AXP,49.226,2025-09-19 00:00:00
CDNS,47.834,2025-09-19 00:00:00
UBER,43.552,2025-09-19 00:00:00
SCHW,41.17,2025-09-19 00:00:00
NTAP,40.5,2025-09-19 00:00:00
STLD,39.794,2025-09-19 00:00:00
SWKS,39.25,2025-09-19 00:00:00
AAPL,38.257,2025-09-19 00:00:00
SRE,36.811,2025-09-19 00:00:00
ES,32.971,2025-09-19 00:00:00
APA,31.968,2025-09-19 00:00:00
GLW,82.192,2025-09-22 00:00:00
STX,78.773,2025-09-22 00:00:00
CHRW,78.729,2025-09-22 00:00:00
TER,76.305,2025-09-22 00:00:00
WDC,75.627,2025-09-22 00:00:00
NEM,72.904,2025-09-22 00:00:00
WBD,71.926,2025-09-22 00:00:00
TSLA,70.95,2025-09-22 00:00:00
HPE,70.064,2025-09-22 00:00:00
BX,69.485,2025-09-22 00:00:00
NCLH,68.788,2025-09-22 00:00:00
CMI,68.69,2025-09-22 00:00:00
JBL,68.596,2025-09-22 00:00:00
APH,66.666,2025-09-22 00:00:00
ALLE,66.038,2025-09-22 00:00:00
ORCL,65.215,2025-09-22 00:00:00
LRCX,63.959,2025-09-22 00:00:00
GOOGL,63.67,2025-09-22 00:00:00
MU,62.892,2025-09-22 00:00:00
GOOG,62.89,2025-09-22 00:00:00
INTC,62.132,2025-09-22 00:00:00
AMD,58.976,2025-09-22 00:00:00
MS,58.585,2025-09-22 00:00:00
AXP,53.561,2025-09-22 00:00:00
ANET,51.05,2025-09-22 00:00:00
CVS,50.748,2025-09-22 00:00:00
AAPL,49.138,2025-09-22 00:00:00
JPM,48.825,2025-09-22 00:00:00
CDNS,47.132,2025-09-22 00:00:00
UBER,44.298,2025-09-22 00:00:00
STLD,43.989,2025-09-22 00:00:00
AMAT,43.324,2025-09-22 00:00:00
SWKS,40.556,2025-09-22 00:00:00
NTAP,38.296,2025-09-22 00:00:00
ES,37.462,2025-09-22 00:00:00
SRE,37.301,2025-09-22 00:00:00
NVDA,37.224,2025-09-22 00:00:00
APA,36.84,2025-09-22 00:00:00
DELL,30.327,2025-09-22 00:00:00
PFG,27.436,2025-09-22 00:00:00
GLW,86.427,2025-09-23 00:00:00
STX,79.227,2025-09-23 00:00:00
CHRW,78.379,2025-09-23 00:00:00
WDC,75.044,2025-09-23 00:00:00
NEM,74.863,2025-09-23 00:00:00
TER,72.382,2025-09-23 00:00:00
WBD,71.939,2025-09-23 00:00:00
TSLA,71.768,2025-09-23 00:00:00
JBL,70.846,2025-09-23 00:00:00
CAT,69.555,2025-09-23 00:00:00
BX,67.992,2025-09-23 00:00:00
APH,66.254,2025-09-23 00:00:00
ALLE,65.73,2025-09-23 00:00:00
LRCX,65.304,2025-09-23 00:00:00
ORCL,65.2,2025-09-23 00:00:00
CMI,63.817,2025-09-23 00:00:00
HPE,63.326,2025-09-23 00:00:00
INTC,62.704,2025-09-23 00:00:00
GOOGL,62.592,2025-09-23 00:00:00
GOOG,62.01,2025-09-23 00:00:00
AMD,58.571,2025-09-23 00:00:00
VLO,56.323,2025-09-23 00:00:00
WELL,56.036,2025-09-23 00:00:00
KLAC,54.891,2025-09-23 00:00:00
TKO,54.156,2025-09-23 00:00:00
XEL,53.978,2025-09-23 00:00:00
AXP,52.974,2025-09-23 00:00:00
L,51.233,2025-09-23 00:00:00
FOX,50.353,2025-09-23 00:00:00
AAPL,49.984,2025-09-23 00:00:00
JPM,48.179,2025-09-23 00:00:00
SPG,47.222,2025-09-23 00:00:00
ABBV,46.49,2025-09-23 00:00:00
SNA,46.317,2025-09-23 00:00:00
FOXA,45.644,2025-09-23 00:00:00
RJF,45.335,2025-09-23 00:00:00
AMAT,44.283,2025-09-23 00:00:00
UBER,43.148,2025-09-23 00:00:00
SRE,43.069,2025-09-23 00:00:00
ES,41.066,2025-09-23 00:00:00
BXP,40.84,2025-09-23 00:00:00
QCOM,40.283,2025-09-23 00:00:00
APA,39.487,2025-09-23 00:00:00
REGN,37.404,2025-09-23 00:00:00
NVDA,33.88,2025-09-23 00:00:00
XOM,33.77,2025-09-23 00:00:00
SWKS,31.109,2025-09-23 00:00:00
GLW,79.071,2025-09-24 00:00:00
CHRW,76.71,2025-09-24 00:00:00
STX,74.469,2025-09-24 00:00:00
LRCX,73.546,2025-09-24 00:00:00
TSLA,73.412,2025-09-24 00:00:00
TER,72.162,2025-09-24 00:00:00
WBD,71.706,2025-09-24 00:00:00
PSKY,71.085,2025-09-24 00:00:00
XEL,69.85,2025-09-24 00:00:00
CAT,68.919,2025-09-24 00:00:00
NEM,67.702,2025-09-24 00:00:00
WDC,66.531,2025-09-24 00:00:00
INTC,65.408,2025-09-24 00:00:00
MU,63.605,2025-09-24 00:00:00
ALLE,63.156,2025-09-24 00:00:00
CMI,60.566,2025-09-24 00:00:00
GOOGL,60.305,2025-09-24 00:00:00
AXP,60.269,2025-09-24 00:00:00
GOOG,59.867,2025-09-24 00:00:00
APH,57.587,2025-09-24 00:00:00
KLAC,55.821,2025-09-24 00:00:00
MS,54.707,2025-09-24 00:00:00
L,53.636,2025-09-24 00:00:00
AAPL,49.828,2025-09-24 00:00:00
FOX,49.193,2025-09-24 00:00:00
SPG,47.65,2025-09-24 00:00:00
SRE,47.589,2025-09-24 00:00:00
CDNS,47.456,2025-09-24 00:00:00
JPM,47.111,2025-09-24 00:00:00
SNA,46.73,2025-09-24 00:00:00
AMAT,44.978,2025-09-24 00:00:00
FOXA,44.764,2025-09-24 00:00:00
PSX,44.752,2025-09-24 00:00:00
ABBV,43.887,2025-09-24 00:00:00
RJF,43.04,2025-09-24 00:00:00
QCOM,42.925,2025-09-24 00:00:00
HAL,41.25,2025-09-24 00:00:00
GPN,39.66,2025-09-24 00:00:00
PWR,39.382,2025-09-24 00:00:00
ES,38.04,2025-09-24 00:00:00
STLD,37.346,2025-09-24 00:00:00
BXP,35.275,2025-09-24 00:00:00
NI,34.852,2025-09-24 00:00:00
APA,31.558,2025-09-24 00:00:00
SWKS,30.933,2025-09-24 00:00:00
FANG,29.833,2025-09-24 00:00:00
REGN,24.396,2025-09-24 00:00:00
STX,73.799,2025-09-25 00:00:00
WDC,73.427,2025-09-25 00:00:00
TSLA,73.31,2025-09-25 00:00:00
GLW,72.61,2025-09-25 00:00:00
TER,71.691,2025-09-25 00:00:00
CHRW,70.772,2025-09-25 00:00:00
INTC,68.763,2025-09-25 00:00:00
LRCX,68.042,2025-09-25 00:00:00
NEM,66.2,2025-09-25 00:00:00
CAT,65.617,2025-09-25 00:00:00
VLO,65.405,2025-09-25 00:00:00
WBD,65.302,2025-09-25 00:00:00
AMD,60.805,2025-09-25 00:00:00
GOOGL,58.598,2025-09-25 00:00:00
MU,58.509,2025-09-25 00:00:00
GOOG,58.064,2025-09-25 00:00:00
XEL,57.977,2025-09-25 00:00:00
AXP,57.879,2025-09-25 00:00:00
APH,56.086,2025-09-25 00:00:00
KLAC,54.619,2025-09-25 00:00:00
AAPL,50.8,2025-09-25 00:00:00
MS,50.535,2025-09-25 00:00:00
PSX,49.169,2025-09-25 00:00:00
FOX,46.151,2025-09-25 00:00:00
JPM,45.58,2025-09-25 00:00:00
AMAT,43.963,2025-09-25 00:00:00
HAL,42.365,2025-09-25 00:00:00
FOXA,41.986,2025-09-25 00:00:00
APA,41.834,2025-09-25 00:00:00
SRE,41.275,2025-09-25 00:00:00
UBER,41.009,2025-09-25 00:00:00
QCOM,39.605,2025-09-25 00:00:00
PWR,39.021,2025-09-25 00:00:00
XOM,37.02,2025-09-25 00:00:00
ES,36.67,2025-09-25 00:00:00
COP,22.011,2025-09-25 00:00:00
INTC,71.588,2025-09-26 00:00:00
GLW,69.311,2025-09-26 00:00:00
NEM,67.668,2025-09-26 00:00:00
VLO,65.738,2025-09-26 00:00:00
CAT,65.112,2025-09-26 00:00:00
WELL,64.811,2025-09-26 00:00:00
STX,64.692,2025-09-26 00:00:00
TER,64.036,2025-09-26 00:00:00
WDC,63.805,2025-09-26 00:00:00
XEL,62.021,2025-09-26 00:00:00
TSLA,61.389,2025-09-26 00:00:00
LRCX,59.823,2025-09-26 00:00:00
BKR,59.116,2025-09-26 00:00:00
WBD,58.942,2025-09-26 00:00:00
AXP,58.169,2025-09-26 00:00:00
EA,57.168,2025-09-26 00:00:00
GOOG,57.017,2025-09-26 00:00:00
APH,55.241,2025-09-26 00:00:00
KLAC,54.565,2025-09-26 00:00:00
L,54.362,2025-09-26 00:00:00
WMB,54.006,2025-09-26 00:00:00
JPM,53.875,2025-09-26 00:00:00
GOOGL,53.211,2025-09-26 00:00:00
AFL,50.921,2025-09-26 00:00:00
PSX,50.761,2025-09-26 00:00:00
TTWO,49.727,2025-09-26 00:00:00
AAPL,49.541,2025-09-26 00:00:00
FOX,48.175,2025-09-26 00:00:00
UBER,46.617,2025-09-26 00:00:00
SNA,44.286,2025-09-26 00:00:00
AMAT,44.144,2025-09-26 00:00:00
WRB,44.046,2025-09-26 00:00:00
APA,43.949,2025-09-26 00:00:00
SRE,43.897,2025-09-26 00:00:00
FOXA,43.477,2025-09-26 00:00:00
HAL,43.281,2025-09-26 00:00:00
RJF,43.131,2025-09-26 00:00:00
PWR,41.837,2025-09-26 00:00:00
FANG,41.051,2025-09-26 00:00:00
XOM,38.971,2025-09-26 00:00:00
ES,38.246,2025-09-26 00:00:00
NI,35.583,2025-09-26 00:00:00
DVN,28.47,2025-09-26 00:00:00
COP,24.911,2025-09-26 00:00:00
